{"type": "FeatureCollection", "features": [{"type": "Feature", "id": 2650, "properties": {"section_num": 2650, "name": "Secci\u00f3n 2650", "municipality": "Tonal\u00e1", "municipalityCode": 102, "districtFederal": 7, "districtLocal": 7, "tipo": 2}, "geometry": {"type": "Polygon", "coordinates": [[[-103.266494, 20.669807], [-103.26651, 20.669657], [-103.266524, 20.669534], [-103.266389, 20.669266], [-103.266211, 20.669121], [-103.265949, 20.669003], [-103.265777, 20.668903], [-103.264333, 20.667583], [-103.264305, 20.667536], [-103.264228, 20.667592], [-103.264207, 20.667612], [-103.264117, 20.667698], [-103.264028, 20.667789], [-103.263939, 20.667881], [-103.263913, 20.66782], [-103.263861, 20.667698], [-103.263855, 20.667653], [-103.263818, 20.667517], [-103.263187, 20.666657], [-103.262968, 20.666358], [-103.262609, 20.665868], [-103.26244, 20.665532], [-103.262252, 20.66542], [-103.262164, 20.665206], [-103.261871, 20.664493], [-103.261698, 20.664072], [-103.261941, 20.66394], [-103.262675, 20.663661], [-103.262625, 20.663334], [-103.262623, 20.663315], [-103.262595, 20.662936], [-103.26238, 20.661644], [-103.262317, 20.661262], [-103.262191, 20.660807], [-103.262064, 20.660353], [-103.261594, 20.660302], [-103.261207, 20.660261], [-103.260544, 20.660105], [-103.260264, 20.660064], [-103.260124, 20.659578], [-103.260169, 20.658873], [-103.261913, 20.659006], [-103.261953, 20.658287], [-103.261994, 20.657543], [-103.262023, 20.657021], [-103.26204, 20.656394], [-103.263138, 20.656466], [-103.263204, 20.65547], [-103.263884, 20.655436], [-103.263964, 20.654615], [-103.264667, 20.654661], [-103.264601, 20.655449], [-103.264507, 20.656578], [-103.26499, 20.656628], [-103.264937, 20.657175], [-103.264976, 20.657222], [-103.265042, 20.6573], [-103.264788, 20.658261], [-103.266236, 20.658241], [-103.266319, 20.65824], [-103.266702, 20.658235], [-103.266865, 20.658232], [-103.267168, 20.658228], [-103.267658, 20.658216], [-103.267554, 20.657215], [-103.268292, 20.657289], [-103.268915, 20.657394], [-103.268743, 20.657712], [-103.268696, 20.657797], [-103.268663, 20.657985], [-103.268631, 20.658173], [-103.268646, 20.658952], [-103.268679, 20.659252], [-103.268712, 20.659553], [-103.269326, 20.660901], [-103.26892, 20.662426], [-103.268678, 20.663041], [-103.26868, 20.663574], [-103.268828, 20.664225], [-103.268919, 20.664913], [-103.268905, 20.665066], [-103.268863, 20.66553], [-103.268701, 20.665782], [-103.268436, 20.666252], [-103.268178, 20.666589], [-103.267845, 20.66698], [-103.267686, 20.66731], [-103.267597, 20.667545], [-103.267508, 20.66778], [-103.26753, 20.667988], [-103.26712, 20.668679], [-103.267152, 20.668765], [-103.267248, 20.66902], [-103.26717, 20.669329], [-103.266852, 20.669881], [-103.266836, 20.669868], [-103.266533, 20.669813], [-103.266494, 20.669807]]]}}, {"type": "Feature", "id": 2651, "properties": {"section_num": 2651, "name": "Secci\u00f3n 2651", "municipality": "Tonal\u00e1", "municipalityCode": 102, "districtFederal": 7, "districtLocal": 7, "tipo": 2}, "geometry": {"type": "Polygon", "coordinates": [[[-103.254863, 20.659023], [-103.254386, 20.658999], [-103.253108, 20.658936], [-103.252718, 20.658933], [-103.252474, 20.658931], [-103.25096, 20.658918], [-103.250772, 20.658916], [-103.250437, 20.658913], [-103.2501, 20.658914], [-103.249746, 20.658915], [-103.248792, 20.658919], [-103.247462, 20.658924], [-103.247365, 20.658926], [-103.247443, 20.65795], [-103.247506, 20.657155], [-103.247534, 20.656815], [-103.247561, 20.656474], [-103.247593, 20.656054], [-103.247649, 20.65501], [-103.247571, 20.654636], [-103.247394, 20.654305], [-103.248045, 20.653826], [-103.24836, 20.653594], [-103.248649, 20.65338], [-103.248963, 20.653149], [-103.24925, 20.652938], [-103.249435, 20.652797], [-103.249431, 20.652569], [-103.248982, 20.652022], [-103.248726, 20.651709], [-103.249225, 20.651392], [-103.249274, 20.651347], [-103.24932, 20.651285], [-103.249341, 20.651246], [-103.249357, 20.651186], [-103.249376, 20.651113], [-103.249404, 20.650997], [-103.249423, 20.650863], [-103.249465, 20.65055], [-103.249562, 20.649844], [-103.249901, 20.649904], [-103.249951, 20.649933], [-103.250088, 20.650012], [-103.250271, 20.650126], [-103.250379, 20.650192], [-103.25054, 20.650259], [-103.25086, 20.6503], [-103.251009, 20.650319], [-103.25138, 20.650366], [-103.251789, 20.650418], [-103.251746, 20.650778], [-103.251731, 20.650899], [-103.251705, 20.651116], [-103.251662, 20.651468], [-103.251653, 20.651547], [-103.251619, 20.651826], [-103.251574, 20.652196], [-103.251536, 20.652511], [-103.251487, 20.652918], [-103.251464, 20.653107], [-103.251798, 20.653121], [-103.252046, 20.653132], [-103.25272, 20.653162], [-103.252669, 20.653514], [-103.252569, 20.654202], [-103.252471, 20.654876], [-103.252405, 20.655332], [-103.252338, 20.655787], [-103.252956, 20.655827], [-103.253817, 20.655881], [-103.253785, 20.656134], [-103.253726, 20.656599], [-103.253671, 20.657033], [-103.253657, 20.657147], [-103.253621, 20.657425], [-103.255056, 20.657548], [-103.255103, 20.657195], [-103.256621, 20.657291], [-103.256521, 20.658394], [-103.255007, 20.658279], [-103.254939, 20.658832], [-103.254863, 20.659023]]]}}, {"type": "Feature", "id": 2652, "properties": {"section_num": 2652, "name": "Secci\u00f3n 2652", "municipality": "Tonal\u00e1", "municipalityCode": 102, "districtFederal": 7, "districtLocal": 7, "tipo": 2}, "geometry": {"type": "Polygon", "coordinates": [[[-103.261913, 20.659006], [-103.260169, 20.658873], [-103.25931, 20.658817], [-103.258689, 20.658777], [-103.258197, 20.658745], [-103.257987, 20.658732], [-103.257846, 20.658723], [-103.25726, 20.658512], [-103.256862, 20.658448], [-103.256577, 20.658403], [-103.256521, 20.658394], [-103.256621, 20.657291], [-103.255103, 20.657195], [-103.255155, 20.656682], [-103.255228, 20.655956], [-103.255585, 20.655979], [-103.256348, 20.656029], [-103.256404, 20.65514], [-103.256516, 20.655146], [-103.257039, 20.655174], [-103.257036, 20.65465], [-103.257019, 20.654583], [-103.257033, 20.65413], [-103.257044, 20.653753], [-103.257056, 20.653343], [-103.257859, 20.65336], [-103.257868, 20.652815], [-103.257874, 20.652404], [-103.257881, 20.651998], [-103.257889, 20.65153], [-103.259063, 20.651856], [-103.259871, 20.6522], [-103.259844, 20.65249], [-103.259794, 20.65302], [-103.259753, 20.653464], [-103.258969, 20.653411], [-103.258486, 20.653379], [-103.258425, 20.654186], [-103.258384, 20.654737], [-103.258278, 20.656154], [-103.258193, 20.656871], [-103.259541, 20.656924], [-103.260164, 20.656948], [-103.260824, 20.656974], [-103.262023, 20.657021], [-103.261994, 20.657543], [-103.261953, 20.658287], [-103.261913, 20.659006]]]}}, {"type": "Feature", "id": 2653, "properties": {"section_num": 2653, "name": "Secci\u00f3n 2653", "municipality": "Tonal\u00e1", "municipalityCode": 102, "districtFederal": 7, "districtLocal": 7, "tipo": 2}, "geometry": {"type": "Polygon", "coordinates": [[[-103.265987, 20.656671], [-103.265613, 20.656655], [-103.26499, 20.656628], [-103.264507, 20.656578], [-103.264601, 20.655449], [-103.264667, 20.654661], [-103.263964, 20.654615], [-103.263264, 20.654505], [-103.26331, 20.653821], [-103.264026, 20.653921], [-103.264091, 20.653352], [-103.264153, 20.652798], [-103.264194, 20.652441], [-103.26455, 20.652576], [-103.264835, 20.652684], [-103.265265, 20.652846], [-103.266032, 20.653137], [-103.26604, 20.653742], [-103.266044, 20.654207], [-103.266048, 20.654795], [-103.266053, 20.655431], [-103.26606, 20.656304], [-103.265987, 20.656671]]]}}, {"type": "Feature", "id": 2654, "properties": {"section_num": 2654, "name": "Secci\u00f3n 2654", "municipality": "Tonal\u00e1", "municipalityCode": 102, "districtFederal": 7, "districtLocal": 7, "tipo": 2}, "geometry": {"type": "Polygon", "coordinates": [[[-103.270847, 20.654739], [-103.270721, 20.654972], [-103.270416, 20.655542], [-103.270288, 20.655845], [-103.270248, 20.6559], [-103.270099, 20.6561], [-103.270018, 20.65618], [-103.269978, 20.65622], [-103.269938, 20.656259], [-103.269874, 20.656307], [-103.26981, 20.656355], [-103.269765, 20.656389], [-103.269683, 20.65645], [-103.269551, 20.656541], [-103.269498, 20.656577], [-103.269459, 20.656604], [-103.26942, 20.656631], [-103.269285, 20.656724], [-103.26915, 20.656817], [-103.269032, 20.656877], [-103.268914, 20.656937], [-103.268732, 20.657105], [-103.26875, 20.657204], [-103.268915, 20.657394], [-103.268292, 20.657289], [-103.267554, 20.657215], [-103.267658, 20.658216], [-103.267168, 20.658228], [-103.266865, 20.658232], [-103.266702, 20.658235], [-103.266319, 20.65824], [-103.266236, 20.658241], [-103.264788, 20.658261], [-103.265042, 20.6573], [-103.264976, 20.657222], [-103.264937, 20.657175], [-103.26499, 20.656628], [-103.265613, 20.656655], [-103.265987, 20.656671], [-103.26606, 20.656304], [-103.266053, 20.655431], [-103.266048, 20.654795], [-103.266044, 20.654207], [-103.26604, 20.653742], [-103.266032, 20.653137], [-103.265265, 20.652846], [-103.264835, 20.652684], [-103.26455, 20.652576], [-103.264194, 20.652441], [-103.264254, 20.651491], [-103.264571, 20.651622], [-103.265068, 20.651826], [-103.265174, 20.65187], [-103.265632, 20.652028], [-103.266026, 20.652055], [-103.266378, 20.652079], [-103.266829, 20.652212], [-103.267755, 20.652933], [-103.268838, 20.653555], [-103.268871, 20.653574], [-103.268905, 20.653594], [-103.270931, 20.653984], [-103.270968, 20.654127], [-103.27098, 20.654183], [-103.270991, 20.654239], [-103.270996, 20.654261], [-103.270847, 20.654739]]]}}, {"type": "Feature", "id": 2655, "properties": {"section_num": 2655, "name": "Secci\u00f3n 2655", "municipality": "Tonal\u00e1", "municipalityCode": 102, "districtFederal": 7, "districtLocal": 7, "tipo": 2}, "geometry": {"type": "Polygon", "coordinates": [[[-103.262023, 20.657021], [-103.260824, 20.656974], [-103.260164, 20.656948], [-103.259541, 20.656924], [-103.258193, 20.656871], [-103.258278, 20.656154], [-103.258384, 20.654737], [-103.258425, 20.654186], [-103.258486, 20.653379], [-103.258969, 20.653411], [-103.259753, 20.653464], [-103.260239, 20.653513], [-103.261035, 20.653593], [-103.261675, 20.653657], [-103.262156, 20.653705], [-103.26331, 20.653821], [-103.263264, 20.654505], [-103.263964, 20.654615], [-103.263884, 20.655436], [-103.263204, 20.65547], [-103.263138, 20.656466], [-103.26204, 20.656394], [-103.262023, 20.657021]]]}}, {"type": "Feature", "id": 2656, "properties": {"section_num": 2656, "name": "Secci\u00f3n 2656", "municipality": "Tonal\u00e1", "municipalityCode": 102, "districtFederal": 7, "districtLocal": 7, "tipo": 2}, "geometry": {"type": "Polygon", "coordinates": [[[-103.253612, 20.652527], [-103.254245, 20.652568], [-103.255383, 20.652642], [-103.256152, 20.652696], [-103.25616, 20.652277], [-103.256514, 20.652295], [-103.25649, 20.652719], [-103.257055, 20.652759], [-103.257868, 20.652815], [-103.257859, 20.65336], [-103.257056, 20.653343], [-103.257044, 20.653753], [-103.257033, 20.65413], [-103.257019, 20.654583], [-103.257036, 20.65465], [-103.257039, 20.655174], [-103.256516, 20.655146], [-103.256404, 20.65514], [-103.256348, 20.656029], [-103.255585, 20.655979], [-103.255228, 20.655956], [-103.255155, 20.656682], [-103.255103, 20.657195], [-103.255056, 20.657548], [-103.253621, 20.657425], [-103.253657, 20.657147], [-103.253671, 20.657033], [-103.253726, 20.656599], [-103.253785, 20.656134], [-103.253817, 20.655881], [-103.252956, 20.655827], [-103.252338, 20.655787], [-103.252405, 20.655332], [-103.252471, 20.654876], [-103.252569, 20.654202], [-103.252669, 20.653514], [-103.25272, 20.653162], [-103.253662, 20.653192], [-103.253612, 20.652527]]]}}, {"type": "Feature", "id": 2657, "properties": {"section_num": 2657, "name": "Secci\u00f3n 2657", "municipality": "Tonal\u00e1", "municipalityCode": 102, "districtFederal": 7, "districtLocal": 7, "tipo": 2}, "geometry": {"type": "Polygon", "coordinates": [[[-103.251789, 20.650418], [-103.251854, 20.649981], [-103.251886, 20.649559], [-103.253147, 20.649694], [-103.254666, 20.649908], [-103.255112, 20.650001], [-103.255501, 20.650025], [-103.255984, 20.649942], [-103.256282, 20.649576], [-103.256476, 20.64941], [-103.256699, 20.649277], [-103.257045, 20.649092], [-103.257356, 20.649083], [-103.257802, 20.649083], [-103.258073, 20.649105], [-103.258556, 20.649188], [-103.259006, 20.649213], [-103.259477, 20.649264], [-103.259418, 20.64956], [-103.259216, 20.650585], [-103.259131, 20.651021], [-103.259063, 20.651856], [-103.257889, 20.65153], [-103.257881, 20.651998], [-103.257874, 20.652404], [-103.257868, 20.652815], [-103.257055, 20.652759], [-103.25649, 20.652719], [-103.256514, 20.652295], [-103.25616, 20.652277], [-103.256152, 20.652696], [-103.255383, 20.652642], [-103.254245, 20.652568], [-103.253612, 20.652527], [-103.253662, 20.653192], [-103.25272, 20.653162], [-103.252046, 20.653132], [-103.251798, 20.653121], [-103.251464, 20.653107], [-103.251487, 20.652918], [-103.251536, 20.652511], [-103.251574, 20.652196], [-103.251619, 20.651826], [-103.251653, 20.651547], [-103.251662, 20.651468], [-103.251705, 20.651116], [-103.251731, 20.650899], [-103.251746, 20.650778], [-103.251789, 20.650418]]]}}, {"type": "Feature", "id": 2658, "properties": {"section_num": 2658, "name": "Secci\u00f3n 2658", "municipality": "Tonal\u00e1", "municipalityCode": 102, "districtFederal": 7, "districtLocal": 7, "tipo": 2}, "geometry": {"type": "Polygon", "coordinates": [[[-103.263295, 20.649806], [-103.263931, 20.651128], [-103.263991, 20.651314], [-103.264254, 20.651491], [-103.264194, 20.652441], [-103.264153, 20.652798], [-103.264091, 20.653352], [-103.264026, 20.653921], [-103.26331, 20.653821], [-103.262156, 20.653705], [-103.261675, 20.653657], [-103.261035, 20.653593], [-103.260239, 20.653513], [-103.259753, 20.653464], [-103.259794, 20.65302], [-103.259844, 20.65249], [-103.259871, 20.6522], [-103.260544, 20.652493], [-103.260875, 20.652637], [-103.261059, 20.652695], [-103.261101, 20.651658], [-103.262342, 20.652012], [-103.262403, 20.651456], [-103.26247, 20.650841], [-103.262581, 20.649817], [-103.262961, 20.649808], [-103.263295, 20.649806]]]}}, {"type": "Feature", "id": 2659, "properties": {"section_num": 2659, "name": "Secci\u00f3n 2659", "municipality": "Tonal\u00e1", "municipalityCode": 102, "districtFederal": 7, "districtLocal": 7, "tipo": 2}, "geometry": {"type": "Polygon", "coordinates": [[[-103.263295, 20.649806], [-103.262961, 20.649808], [-103.262581, 20.649817], [-103.26247, 20.650841], [-103.262403, 20.651456], [-103.262342, 20.652012], [-103.261101, 20.651658], [-103.261059, 20.652695], [-103.260875, 20.652637], [-103.260544, 20.652493], [-103.259871, 20.6522], [-103.259063, 20.651856], [-103.259131, 20.651021], [-103.259216, 20.650585], [-103.259418, 20.64956], [-103.259477, 20.649264], [-103.260194, 20.649369], [-103.260633, 20.649367], [-103.26118, 20.649363], [-103.262358, 20.649315], [-103.262581, 20.649306], [-103.263117, 20.649558], [-103.263218, 20.649655], [-103.263295, 20.649806]]]}}, {"type": "Feature", "id": 2660, "properties": {"section_num": 2660, "name": "Secci\u00f3n 2660", "municipality": "Tonal\u00e1", "municipalityCode": 102, "districtFederal": 7, "districtLocal": 7, "tipo": 2}, "geometry": {"type": "Polygon", "coordinates": [[[-103.251455, 20.669522], [-103.251416, 20.669035], [-103.251359, 20.668591], [-103.251303, 20.668507], [-103.251533, 20.668112], [-103.251594, 20.668002], [-103.251835, 20.667601], [-103.251889, 20.667496], [-103.25191, 20.667453], [-103.252181, 20.667475], [-103.25218, 20.667303], [-103.252243, 20.666854], [-103.25233, 20.666243], [-103.251903, 20.666215], [-103.250979, 20.666156], [-103.250904, 20.666151], [-103.25004, 20.666097], [-103.24747, 20.665939], [-103.24747, 20.665575], [-103.24747, 20.665431], [-103.247469, 20.664755], [-103.247469, 20.664637], [-103.247468, 20.664041], [-103.247468, 20.663866], [-103.247466, 20.662545], [-103.247465, 20.66184], [-103.247465, 20.661759], [-103.247464, 20.660808], [-103.247464, 20.660573], [-103.247463, 20.659683], [-103.247462, 20.658924], [-103.248792, 20.658919], [-103.249746, 20.658915], [-103.2501, 20.658914], [-103.250437, 20.658913], [-103.250772, 20.658916], [-103.25096, 20.658918], [-103.252474, 20.658931], [-103.252718, 20.658933], [-103.253108, 20.658936], [-103.254386, 20.658999], [-103.254863, 20.659023], [-103.254939, 20.658832], [-103.255007, 20.658279], [-103.256521, 20.658394], [-103.256577, 20.658403], [-103.256862, 20.658448], [-103.25726, 20.658512], [-103.257846, 20.658723], [-103.257987, 20.658732], [-103.258197, 20.658745], [-103.258689, 20.658777], [-103.25931, 20.658817], [-103.260169, 20.658873], [-103.260124, 20.659578], [-103.260264, 20.660064], [-103.260544, 20.660105], [-103.261207, 20.660261], [-103.261594, 20.660302], [-103.262064, 20.660353], [-103.262191, 20.660807], [-103.262317, 20.661262], [-103.26238, 20.661644], [-103.262595, 20.662936], [-103.262623, 20.663315], [-103.262625, 20.663334], [-103.262675, 20.663661], [-103.261941, 20.66394], [-103.261698, 20.664072], [-103.260748, 20.664079], [-103.260761, 20.66419], [-103.260737, 20.665871], [-103.260658, 20.666801], [-103.260647, 20.666926], [-103.260628, 20.667946], [-103.260608, 20.669043], [-103.260594, 20.669774], [-103.260129, 20.669755], [-103.258759, 20.669699], [-103.258257, 20.669678], [-103.257535, 20.669648], [-103.257068, 20.669629], [-103.256763, 20.669179], [-103.25642, 20.668672], [-103.256101, 20.668191], [-103.256028, 20.668365], [-103.25581, 20.66871], [-103.255457, 20.668255], [-103.254941, 20.668596], [-103.255516, 20.669414], [-103.255665, 20.66963], [-103.254973, 20.669705], [-103.254632, 20.669202], [-103.254605, 20.669231], [-103.253713, 20.669174], [-103.25346, 20.669158], [-103.253441, 20.6693], [-103.252425, 20.669392], [-103.251455, 20.669522]]]}}, {"type": "Feature", "id": 2661, "properties": {"section_num": 2661, "name": "Secci\u00f3n 2661", "municipality": "Tonal\u00e1", "municipalityCode": 102, "districtFederal": 7, "districtLocal": 7, "tipo": 2}, "geometry": {"type": "Polygon", "coordinates": [[[-103.258418, 20.636338], [-103.258448, 20.636323], [-103.258683, 20.636188], [-103.258919, 20.636035], [-103.258968, 20.635925], [-103.259073, 20.635815], [-103.259241, 20.635767], [-103.259445, 20.635722], [-103.25952, 20.635958], [-103.259507, 20.636203], [-103.259693, 20.636585], [-103.260029, 20.636728], [-103.260555, 20.636799], [-103.260695, 20.636856], [-103.260788, 20.636995], [-103.260865, 20.637482], [-103.260962, 20.637535], [-103.260922, 20.637663], [-103.260733, 20.637535], [-103.26057, 20.637488], [-103.260556, 20.637533], [-103.260532, 20.637696], [-103.26048, 20.637736], [-103.260402, 20.638219], [-103.259993, 20.638174], [-103.259803, 20.63904], [-103.259764, 20.639234], [-103.259643, 20.640239], [-103.259585, 20.640499], [-103.259547, 20.640857], [-103.259457, 20.641692], [-103.258989, 20.641436], [-103.258696, 20.643308], [-103.259171, 20.643386], [-103.260164, 20.643548], [-103.260944, 20.643675], [-103.261536, 20.643771], [-103.261472, 20.64412], [-103.2613, 20.645059], [-103.261107, 20.645803], [-103.261026, 20.646117], [-103.261079, 20.646303], [-103.261188, 20.646867], [-103.261214, 20.64707], [-103.261243, 20.647532], [-103.261218, 20.64827], [-103.261212, 20.648448], [-103.26118, 20.649363], [-103.260633, 20.649367], [-103.260194, 20.649369], [-103.259477, 20.649264], [-103.259006, 20.649213], [-103.258556, 20.649188], [-103.258073, 20.649105], [-103.257802, 20.649083], [-103.257356, 20.649083], [-103.257045, 20.649092], [-103.256699, 20.649277], [-103.256476, 20.64941], [-103.256282, 20.649576], [-103.255984, 20.649942], [-103.255501, 20.650025], [-103.255112, 20.650001], [-103.254666, 20.649908], [-103.253147, 20.649694], [-103.251886, 20.649559], [-103.251826, 20.649524], [-103.251539, 20.649473], [-103.251469, 20.649467], [-103.251229, 20.649423], [-103.25116, 20.649353], [-103.251167, 20.649287], [-103.250897, 20.64926], [-103.250742, 20.649152], [-103.250399, 20.648941], [-103.250472, 20.648409], [-103.250523, 20.648371], [-103.250542, 20.648105], [-103.250545, 20.648037], [-103.250564, 20.647707], [-103.250463, 20.647646], [-103.249869, 20.647605], [-103.249466, 20.647569], [-103.249103, 20.64754], [-103.248729, 20.647516], [-103.247677, 20.647432], [-103.247628, 20.647382], [-103.247628, 20.647325], [-103.2476, 20.647287], [-103.245758, 20.647105], [-103.245687, 20.647947], [-103.245593, 20.648017], [-103.244023, 20.647811], [-103.244228, 20.646], [-103.24426, 20.645718], [-103.2444, 20.645037], [-103.244363, 20.644621], [-103.244426, 20.644447], [-103.244422, 20.644114], [-103.244075, 20.643069], [-103.244169, 20.642473], [-103.244332, 20.642025], [-103.244311, 20.641354], [-103.244082, 20.640865], [-103.244082, 20.640465], [-103.244038, 20.640111], [-103.244058, 20.639921], [-103.244384, 20.639937], [-103.246311, 20.640413], [-103.246662, 20.639583], [-103.246284, 20.639384], [-103.246107, 20.638823], [-103.246041, 20.638369], [-103.246069, 20.638046], [-103.2461, 20.637982], [-103.246157, 20.637956], [-103.246691, 20.638059], [-103.247295, 20.638139], [-103.247614, 20.638219], [-103.247806, 20.638409], [-103.24813, 20.63854], [-103.248309, 20.638656], [-103.248475, 20.638794], [-103.248584, 20.638865], [-103.248732, 20.638899], [-103.248882, 20.638477], [-103.248418, 20.638392], [-103.248611, 20.637724], [-103.248865, 20.637104], [-103.249105, 20.637048], [-103.249199, 20.63701], [-103.249273, 20.63693], [-103.249324, 20.636844], [-103.249419, 20.636788], [-103.249685, 20.637077], [-103.249765, 20.637165], [-103.249906, 20.637374], [-103.250087, 20.637691], [-103.250167, 20.637859], [-103.250327, 20.638009], [-103.250365, 20.638032], [-103.250454, 20.638097], [-103.25057, 20.638181], [-103.250631, 20.638328], [-103.250662, 20.638402], [-103.25088, 20.638359], [-103.251056, 20.638352], [-103.251164, 20.638397], [-103.25131, 20.63837], [-103.251435, 20.638426], [-103.251854, 20.6385], [-103.252231, 20.638105], [-103.252158, 20.637993], [-103.252107, 20.637667], [-103.252144, 20.637603], [-103.253466, 20.637343], [-103.253504, 20.637334], [-103.253643, 20.637486], [-103.253696, 20.63754], [-103.25372, 20.637506], [-103.253744, 20.637471], [-103.253765, 20.637452], [-103.253801, 20.637427], [-103.253876, 20.637383], [-103.253924, 20.637341], [-103.253951, 20.637297], [-103.253979, 20.637239], [-103.253995, 20.637144], [-103.254022, 20.637097], [-103.254088, 20.637052], [-103.254197, 20.637007], [-103.254219, 20.636998], [-103.254305, 20.637004], [-103.254341, 20.636988], [-103.254448, 20.636942], [-103.2546, 20.636907], [-103.254747, 20.636887], [-103.254846, 20.636873], [-103.254935, 20.636893], [-103.255021, 20.636914], [-103.255134, 20.63694], [-103.255181, 20.636971], [-103.255229, 20.636998], [-103.255278, 20.637025], [-103.255334, 20.637065], [-103.255431, 20.6371], [-103.255609, 20.637121], [-103.255766, 20.637134], [-103.255811, 20.637134], [-103.255897, 20.637113], [-103.256067, 20.637103], [-103.25615, 20.637082], [-103.256278, 20.637038], [-103.25648, 20.636972], [-103.256566, 20.636973], [-103.256669, 20.636964], [-103.256757, 20.63695], [-103.256921, 20.636861], [-103.256977, 20.636804], [-103.257028, 20.636772], [-103.257082, 20.636725], [-103.25713, 20.636678], [-103.257176, 20.636636], [-103.257256, 20.636597], [-103.257336, 20.636565], [-103.257408, 20.636558], [-103.257485, 20.636559], [-103.257525, 20.636539], [-103.257605, 20.636498], [-103.257712, 20.636446], [-103.257849, 20.636405], [-103.257947, 20.636373], [-103.258027, 20.636359], [-103.258131, 20.636363], [-103.258232, 20.636366], [-103.258328, 20.636355], [-103.258418, 20.636338]]]}}, {"type": "Feature", "id": 2663, "properties": {"section_num": 2663, "name": "Secci\u00f3n 2663", "municipality": "Tonal\u00e1", "municipalityCode": 102, "districtFederal": 7, "districtLocal": 7, "tipo": 2}, "geometry": {"type": "Polygon", "coordinates": [[[-103.267788, 20.636146], [-103.267684, 20.636578], [-103.267411, 20.636473], [-103.267091, 20.637177], [-103.267096, 20.637286], [-103.267076, 20.637771], [-103.26707, 20.637877], [-103.26706, 20.638146], [-103.267055, 20.63833], [-103.26704, 20.638606], [-103.267035, 20.638729], [-103.267018, 20.638987], [-103.267019, 20.639072], [-103.266938, 20.640411], [-103.266927, 20.640578], [-103.266924, 20.640641], [-103.266918, 20.640768], [-103.2669, 20.640881], [-103.266896, 20.640938], [-103.267241, 20.641024], [-103.267756, 20.641173], [-103.268172, 20.641339], [-103.268523, 20.641312], [-103.268642, 20.641551], [-103.268603, 20.641942], [-103.268874, 20.64198], [-103.269086, 20.642159], [-103.269544, 20.642366], [-103.270024, 20.642558], [-103.270201, 20.642646], [-103.270829, 20.642544], [-103.271029, 20.642664], [-103.271238, 20.642803], [-103.271581, 20.64243], [-103.272014, 20.642553], [-103.272275, 20.642742], [-103.272473, 20.642824], [-103.273003, 20.642943], [-103.27321, 20.643001], [-103.273734, 20.643126], [-103.274234, 20.643232], [-103.274707, 20.643346], [-103.275138, 20.643462], [-103.275377, 20.643538], [-103.275665, 20.643621], [-103.275566, 20.643821], [-103.275456, 20.644042], [-103.2754, 20.644208], [-103.275229, 20.644298], [-103.274973, 20.644522], [-103.274864, 20.644682], [-103.274715, 20.644827], [-103.274646, 20.644895], [-103.27445, 20.645042], [-103.274206, 20.645171], [-103.274052, 20.645223], [-103.273933, 20.645263], [-103.273704, 20.645321], [-103.27346, 20.645422], [-103.272963, 20.64588], [-103.272779, 20.645992], [-103.272429, 20.646566], [-103.272214, 20.646883], [-103.272142, 20.647082], [-103.272118, 20.647204], [-103.272128, 20.647319], [-103.271888, 20.647211], [-103.270747, 20.646697], [-103.270504, 20.646528], [-103.270277, 20.646159], [-103.270043, 20.645662], [-103.269836, 20.64522], [-103.269784, 20.645108], [-103.26953, 20.644857], [-103.269196, 20.644656], [-103.268955, 20.644568], [-103.2686, 20.644623], [-103.268098, 20.644566], [-103.267827, 20.644562], [-103.26748, 20.644624], [-103.267325, 20.644584], [-103.266886, 20.644257], [-103.266586, 20.644183], [-103.266173, 20.644275], [-103.265613, 20.643911], [-103.264968, 20.643606], [-103.264839, 20.643468], [-103.26477, 20.643215], [-103.264653, 20.643057], [-103.264354, 20.642754], [-103.263897, 20.642611], [-103.263317, 20.642357], [-103.263017, 20.641975], [-103.263064, 20.641414], [-103.262766, 20.640517], [-103.262555, 20.639926], [-103.262456, 20.639882], [-103.262266, 20.639895], [-103.262111, 20.640653], [-103.261614, 20.640627], [-103.261162, 20.640604], [-103.260543, 20.640572], [-103.260332, 20.642163], [-103.25983, 20.641896], [-103.259457, 20.641692], [-103.259547, 20.640857], [-103.259585, 20.640499], [-103.259643, 20.640239], [-103.259764, 20.639234], [-103.259803, 20.63904], [-103.259993, 20.638174], [-103.260402, 20.638219], [-103.26048, 20.637736], [-103.260532, 20.637696], [-103.260556, 20.637533], [-103.26057, 20.637488], [-103.260733, 20.637535], [-103.260922, 20.637663], [-103.260962, 20.637535], [-103.26121, 20.637694], [-103.261556, 20.638213], [-103.261855, 20.638726], [-103.262103, 20.63832], [-103.262166, 20.638241], [-103.262359, 20.637985], [-103.262423, 20.637926], [-103.262551, 20.637788], [-103.262637, 20.63765], [-103.262789, 20.637313], [-103.262906, 20.637205], [-103.263131, 20.637176], [-103.263197, 20.636912], [-103.263178, 20.636636], [-103.263237, 20.636433], [-103.263249, 20.636162], [-103.263352, 20.636027], [-103.263568, 20.635969], [-103.263821, 20.635964], [-103.263958, 20.635932], [-103.264327, 20.635597], [-103.26441, 20.635556], [-103.26457, 20.635523], [-103.264748, 20.635597], [-103.264792, 20.635593], [-103.264836, 20.635589], [-103.264912, 20.63553], [-103.264946, 20.635428], [-103.265096, 20.635252], [-103.265262, 20.635107], [-103.265459, 20.634997], [-103.265595, 20.634919], [-103.265821, 20.634581], [-103.266098, 20.634166], [-103.266156, 20.634067], [-103.266367, 20.63404], [-103.266456, 20.634067], [-103.266755, 20.634087], [-103.26719, 20.634117], [-103.267924, 20.634168], [-103.267889, 20.634635], [-103.267853, 20.635103], [-103.268474, 20.635148], [-103.26837, 20.635576], [-103.268347, 20.636291], [-103.267788, 20.636146]]]}}, {"type": "Feature", "id": 2664, "properties": {"section_num": 2664, "name": "Secci\u00f3n 2664", "municipality": "Tonal\u00e1", "municipalityCode": 102, "districtFederal": 7, "districtLocal": 7, "tipo": 2}, "geometry": {"type": "Polygon", "coordinates": [[[-103.266896, 20.640938], [-103.2669, 20.640881], [-103.266918, 20.640768], [-103.266924, 20.640641], [-103.266927, 20.640578], [-103.266938, 20.640411], [-103.267019, 20.639072], [-103.267018, 20.638987], [-103.267035, 20.638729], [-103.26704, 20.638606], [-103.267055, 20.63833], [-103.26706, 20.638146], [-103.26707, 20.637877], [-103.267076, 20.637771], [-103.267096, 20.637286], [-103.267091, 20.637177], [-103.267411, 20.636473], [-103.267684, 20.636578], [-103.267788, 20.636146], [-103.268347, 20.636291], [-103.26837, 20.635576], [-103.268474, 20.635148], [-103.267853, 20.635103], [-103.267889, 20.634635], [-103.267924, 20.634168], [-103.26719, 20.634117], [-103.266755, 20.634087], [-103.266456, 20.634067], [-103.266367, 20.63404], [-103.266943, 20.633397], [-103.267426, 20.633032], [-103.268158, 20.632682], [-103.268631, 20.632455], [-103.268744, 20.632395], [-103.269049, 20.632512], [-103.269111, 20.632535], [-103.269828, 20.632882], [-103.270492, 20.633261], [-103.270587, 20.633316], [-103.27108, 20.63367], [-103.271108, 20.633691], [-103.271289, 20.633821], [-103.27147, 20.633952], [-103.271612, 20.634079], [-103.271818, 20.634264], [-103.272573, 20.634939], [-103.27293, 20.635318], [-103.273053, 20.635448], [-103.273489, 20.635997], [-103.273621, 20.636181], [-103.273784, 20.636406], [-103.273853, 20.636511], [-103.273944, 20.636651], [-103.274387, 20.637338], [-103.274793, 20.637958], [-103.275974, 20.639711], [-103.276179, 20.640015], [-103.276625, 20.640613], [-103.276765, 20.640761], [-103.276976, 20.641029], [-103.277916, 20.641884], [-103.278285, 20.642201], [-103.279047, 20.642763], [-103.278119, 20.643498], [-103.277879, 20.643687], [-103.277786, 20.643731], [-103.277633, 20.643802], [-103.277437, 20.643893], [-103.277262, 20.643929], [-103.277146, 20.643954], [-103.27683, 20.643958], [-103.276741, 20.643959], [-103.276696, 20.643959], [-103.276625, 20.64396], [-103.276584, 20.643963], [-103.276563, 20.643965], [-103.276477, 20.643972], [-103.276452, 20.643973], [-103.276428, 20.643975], [-103.276389, 20.643978], [-103.27635, 20.643981], [-103.276258, 20.643988], [-103.276182, 20.644], [-103.27613, 20.644008], [-103.276097, 20.644013], [-103.276064, 20.644018], [-103.276006, 20.644027], [-103.275912, 20.644036], [-103.275819, 20.644046], [-103.275679, 20.644082], [-103.275568, 20.644131], [-103.275539, 20.644145], [-103.2754, 20.644208], [-103.275456, 20.644042], [-103.275566, 20.643821], [-103.275665, 20.643621], [-103.275377, 20.643538], [-103.275138, 20.643462], [-103.274707, 20.643346], [-103.274234, 20.643232], [-103.273734, 20.643126], [-103.27321, 20.643001], [-103.273003, 20.642943], [-103.272473, 20.642824], [-103.272275, 20.642742], [-103.272014, 20.642553], [-103.271581, 20.64243], [-103.271238, 20.642803], [-103.271029, 20.642664], [-103.270829, 20.642544], [-103.270201, 20.642646], [-103.270024, 20.642558], [-103.269544, 20.642366], [-103.269086, 20.642159], [-103.268874, 20.64198], [-103.268603, 20.641942], [-103.268642, 20.641551], [-103.268523, 20.641312], [-103.268172, 20.641339], [-103.267756, 20.641173], [-103.267241, 20.641024], [-103.266896, 20.640938]]]}}, {"type": "Feature", "id": 2665, "properties": {"section_num": 2665, "name": "Secci\u00f3n 2665", "municipality": "Tonal\u00e1", "municipalityCode": 102, "districtFederal": 7, "districtLocal": 7, "tipo": 2}, "geometry": {"type": "Polygon", "coordinates": [[[-103.267291, 20.700031], [-103.266861, 20.699594], [-103.266721, 20.699635], [-103.265911, 20.699486], [-103.265543, 20.699441], [-103.265318, 20.699314], [-103.265247, 20.699211], [-103.265129, 20.699089], [-103.265005, 20.699078], [-103.264667, 20.699247], [-103.264357, 20.69923], [-103.264208, 20.699178], [-103.264023, 20.69902], [-103.264364, 20.697743], [-103.264564, 20.697221], [-103.264475, 20.697143], [-103.264267, 20.696976], [-103.264136, 20.696818], [-103.264034, 20.69675], [-103.264049, 20.696659], [-103.264497, 20.696749], [-103.264601, 20.696752], [-103.264645, 20.696695], [-103.264399, 20.696411], [-103.26428, 20.69632], [-103.264066, 20.696211], [-103.264865, 20.696458], [-103.264884, 20.696175], [-103.264902, 20.695981], [-103.264947, 20.695507], [-103.264992, 20.695033], [-103.265449, 20.695061], [-103.266591, 20.695131], [-103.266676, 20.694639], [-103.266748, 20.694221], [-103.266538, 20.694178], [-103.266337, 20.692697], [-103.266546, 20.692698], [-103.266756, 20.692698], [-103.267175, 20.6927], [-103.267616, 20.692701], [-103.267822, 20.692702], [-103.267976, 20.692702], [-103.268484, 20.692989], [-103.269149, 20.693365], [-103.269443, 20.693531], [-103.270062, 20.693881], [-103.269922, 20.694305], [-103.26984, 20.694551], [-103.269983, 20.695255], [-103.270385, 20.695505], [-103.270499, 20.695999], [-103.270436, 20.696589], [-103.269917, 20.696883], [-103.270218, 20.697344], [-103.270013, 20.697999], [-103.269847, 20.698114], [-103.269465, 20.698245], [-103.269255, 20.698451], [-103.269032, 20.698683], [-103.268848, 20.698499], [-103.268633, 20.698355], [-103.26852, 20.698318], [-103.268316, 20.698589], [-103.268097, 20.698914], [-103.267582, 20.699362], [-103.267456, 20.699597], [-103.267396, 20.699894], [-103.267291, 20.700031]]]}}, {"type": "Feature", "id": 2666, "properties": {"section_num": 2666, "name": "Secci\u00f3n 2666", "municipality": "Tonal\u00e1", "municipalityCode": 102, "districtFederal": 7, "districtLocal": 7, "tipo": 2}, "geometry": {"type": "Polygon", "coordinates": [[[-103.264066, 20.696211], [-103.263814, 20.69612], [-103.263598, 20.696011], [-103.263423, 20.695953], [-103.26341, 20.695644], [-103.263403, 20.695449], [-103.263389, 20.694984], [-103.263378, 20.694611], [-103.263346, 20.693578], [-103.263806, 20.693579], [-103.263859, 20.693128], [-103.263864, 20.693095], [-103.263931, 20.692691], [-103.264436, 20.692667], [-103.264316, 20.690966], [-103.263788, 20.690994], [-103.263779, 20.690423], [-103.264306, 20.690709], [-103.264356, 20.690736], [-103.264406, 20.690763], [-103.264867, 20.691014], [-103.265354, 20.691278], [-103.265459, 20.691336], [-103.265849, 20.691547], [-103.265979, 20.691618], [-103.266398, 20.691845], [-103.26657, 20.691939], [-103.266948, 20.692144], [-103.267504, 20.692446], [-103.267976, 20.692702], [-103.267822, 20.692702], [-103.267616, 20.692701], [-103.267175, 20.6927], [-103.266756, 20.692698], [-103.266546, 20.692698], [-103.266337, 20.692697], [-103.266538, 20.694178], [-103.266748, 20.694221], [-103.266676, 20.694639], [-103.266591, 20.695131], [-103.265449, 20.695061], [-103.264992, 20.695033], [-103.264947, 20.695507], [-103.264902, 20.695981], [-103.264884, 20.696175], [-103.264865, 20.696458], [-103.264066, 20.696211]]]}}, {"type": "Feature", "id": 2667, "properties": {"section_num": 2667, "name": "Secci\u00f3n 2667", "municipality": "Tonal\u00e1", "municipalityCode": 102, "districtFederal": 7, "districtLocal": 7, "tipo": 2}, "geometry": {"type": "Polygon", "coordinates": [[[-103.264066, 20.696211], [-103.26428, 20.69632], [-103.264399, 20.696411], [-103.264645, 20.696695], [-103.264601, 20.696752], [-103.264497, 20.696749], [-103.264049, 20.696659], [-103.264034, 20.69675], [-103.264136, 20.696818], [-103.264267, 20.696976], [-103.264475, 20.697143], [-103.264564, 20.697221], [-103.264364, 20.697743], [-103.264023, 20.69902], [-103.264208, 20.699178], [-103.264357, 20.69923], [-103.264667, 20.699247], [-103.265005, 20.699078], [-103.265129, 20.699089], [-103.265247, 20.699211], [-103.265318, 20.699314], [-103.265543, 20.699441], [-103.265911, 20.699486], [-103.266721, 20.699635], [-103.266861, 20.699594], [-103.267291, 20.700031], [-103.267396, 20.699894], [-103.267456, 20.699597], [-103.267582, 20.699362], [-103.268097, 20.698914], [-103.268316, 20.698589], [-103.26852, 20.698318], [-103.268633, 20.698355], [-103.268848, 20.698499], [-103.269032, 20.698683], [-103.269069, 20.69877], [-103.269009, 20.698803], [-103.268954, 20.698937], [-103.2689, 20.699048], [-103.268887, 20.699154], [-103.268891, 20.699282], [-103.268831, 20.699376], [-103.268763, 20.699582], [-103.268901, 20.700008], [-103.268804, 20.700186], [-103.268518, 20.700272], [-103.268373, 20.700539], [-103.268536, 20.700808], [-103.268222, 20.701296], [-103.268338, 20.701521], [-103.268093, 20.70221], [-103.267921, 20.702722], [-103.267585, 20.702987], [-103.267369, 20.703208], [-103.267166, 20.703571], [-103.266885, 20.704074], [-103.265774, 20.70569], [-103.264357, 20.704767], [-103.262951, 20.704429], [-103.261719, 20.704381], [-103.261154, 20.704269], [-103.259001, 20.704714], [-103.256965, 20.704645], [-103.257988, 20.703885], [-103.257855, 20.702965], [-103.257874, 20.702419], [-103.258735, 20.701056], [-103.258909, 20.700412], [-103.259187, 20.700021], [-103.259183, 20.699728], [-103.259319, 20.699629], [-103.259208, 20.69938], [-103.259189, 20.699143], [-103.25938, 20.698914], [-103.259497, 20.69854], [-103.25996, 20.697749], [-103.260061, 20.697519], [-103.259987, 20.697419], [-103.259973, 20.697253], [-103.260066, 20.697121], [-103.260064, 20.6969], [-103.26018, 20.696625], [-103.260112, 20.695925], [-103.259453, 20.695219], [-103.259193, 20.694329], [-103.259332, 20.694265], [-103.259274, 20.693669], [-103.259119, 20.693432], [-103.259093, 20.693178], [-103.259367, 20.69319], [-103.259931, 20.693475], [-103.260348, 20.693423], [-103.260815, 20.693364], [-103.260771, 20.692909], [-103.260727, 20.692449], [-103.260682, 20.691988], [-103.261189, 20.691958], [-103.261696, 20.691927], [-103.262205, 20.691896], [-103.262189, 20.691063], [-103.262181, 20.690632], [-103.262127, 20.689634], [-103.26211, 20.68938], [-103.262083, 20.688952], [-103.262199, 20.689012], [-103.263142, 20.689666], [-103.263767, 20.689983], [-103.263779, 20.690423], [-103.263788, 20.690994], [-103.264316, 20.690966], [-103.264436, 20.692667], [-103.263931, 20.692691], [-103.263864, 20.693095], [-103.263859, 20.693128], [-103.263806, 20.693579], [-103.263346, 20.693578], [-103.263378, 20.694611], [-103.263389, 20.694984], [-103.263403, 20.695449], [-103.26341, 20.695644], [-103.263423, 20.695953], [-103.263598, 20.696011], [-103.263814, 20.69612], [-103.264066, 20.696211]]]}}, {"type": "Feature", "id": 2668, "properties": {"section_num": 2668, "name": "Secci\u00f3n 2668", "municipality": "Tonal\u00e1", "municipalityCode": 102, "districtFederal": 7, "districtLocal": 7, "tipo": 2}, "geometry": {"type": "Polygon", "coordinates": [[[-103.253698, 20.691585], [-103.253525, 20.69045], [-103.253366, 20.689516], [-103.253317, 20.689446], [-103.253271, 20.689439], [-103.253255, 20.688892], [-103.253151, 20.688894], [-103.253154, 20.688776], [-103.252928, 20.688742], [-103.25277, 20.688279], [-103.252653, 20.687962], [-103.252514, 20.687789], [-103.252461, 20.687742], [-103.252534, 20.68755], [-103.252619, 20.687618], [-103.252769, 20.687633], [-103.252835, 20.687502], [-103.253473, 20.687673], [-103.25355, 20.687576], [-103.253718, 20.687503], [-103.254002, 20.687154], [-103.254187, 20.687057], [-103.254611, 20.686666], [-103.254559, 20.686249], [-103.254302, 20.685929], [-103.254349, 20.685565], [-103.254187, 20.685201], [-103.253976, 20.685004], [-103.253587, 20.68487], [-103.253339, 20.684702], [-103.2531, 20.684655], [-103.252602, 20.684339], [-103.252431, 20.68362], [-103.253085, 20.683876], [-103.254145, 20.684576], [-103.255751, 20.685632], [-103.256539, 20.685928], [-103.256785, 20.686016], [-103.257085, 20.686124], [-103.257792, 20.686377], [-103.258451, 20.686614], [-103.259341, 20.686934], [-103.259598, 20.686044], [-103.259616, 20.685792], [-103.259558, 20.685331], [-103.260311, 20.685385], [-103.260332, 20.685857], [-103.260423, 20.685927], [-103.261125, 20.685896], [-103.261642, 20.685877], [-103.261635, 20.685517], [-103.261626, 20.685041], [-103.261616, 20.684564], [-103.262131, 20.684578], [-103.262651, 20.684592], [-103.26315, 20.684606], [-103.263645, 20.684619], [-103.26368, 20.685851], [-103.263693, 20.686326], [-103.263706, 20.686802], [-103.263719, 20.68729], [-103.263733, 20.687765], [-103.263746, 20.688256], [-103.263759, 20.688728], [-103.263746, 20.689189], [-103.263767, 20.689983], [-103.263142, 20.689666], [-103.262199, 20.689012], [-103.262083, 20.688952], [-103.26211, 20.68938], [-103.262127, 20.689634], [-103.262181, 20.690632], [-103.262189, 20.691063], [-103.262205, 20.691896], [-103.261696, 20.691927], [-103.261189, 20.691958], [-103.260682, 20.691988], [-103.260727, 20.692449], [-103.260771, 20.692909], [-103.260815, 20.693364], [-103.260348, 20.693423], [-103.259931, 20.693475], [-103.259367, 20.69319], [-103.259093, 20.693178], [-103.259279, 20.692889], [-103.259341, 20.692659], [-103.259199, 20.692282], [-103.259078, 20.69211], [-103.259099, 20.691988], [-103.259152, 20.691914], [-103.259247, 20.691859], [-103.258782, 20.691776], [-103.258137, 20.691669], [-103.257993, 20.691667], [-103.257663, 20.691578], [-103.256988, 20.691448], [-103.256804, 20.691393], [-103.256537, 20.691331], [-103.256495, 20.691379], [-103.256361, 20.691396], [-103.256312, 20.691418], [-103.255763, 20.691432], [-103.255432, 20.691462], [-103.255149, 20.691467], [-103.254579, 20.69148], [-103.254304, 20.691504], [-103.254074, 20.691547], [-103.253698, 20.691585]]]}}, {"type": "Feature", "id": 2669, "properties": {"section_num": 2669, "name": "Secci\u00f3n 2669", "municipality": "Tonal\u00e1", "municipalityCode": 102, "districtFederal": 7, "districtLocal": 7, "tipo": 2}, "geometry": {"type": "Polygon", "coordinates": [[[-103.266948, 20.692144], [-103.26657, 20.691939], [-103.266398, 20.691845], [-103.265979, 20.691618], [-103.265849, 20.691547], [-103.265459, 20.691336], [-103.265354, 20.691278], [-103.264867, 20.691014], [-103.264406, 20.690763], [-103.264356, 20.690736], [-103.264306, 20.690709], [-103.263779, 20.690423], [-103.263767, 20.689983], [-103.263746, 20.689189], [-103.263759, 20.688728], [-103.264612, 20.688708], [-103.264632, 20.688858], [-103.265127, 20.688838], [-103.265622, 20.688819], [-103.26545, 20.687272], [-103.265955, 20.687258], [-103.266459, 20.687244], [-103.266615, 20.688784], [-103.266786, 20.689956], [-103.266895, 20.691212], [-103.266928, 20.691788], [-103.266936, 20.691928], [-103.266944, 20.69207], [-103.266948, 20.692144]]]}}, {"type": "Feature", "id": 2670, "properties": {"section_num": 2670, "name": "Secci\u00f3n 2670", "municipality": "Tonal\u00e1", "municipalityCode": 102, "districtFederal": 7, "districtLocal": 7, "tipo": 2}, "geometry": {"type": "Polygon", "coordinates": [[[-103.270366, 20.690917], [-103.270167, 20.691264], [-103.270017, 20.691711], [-103.270003, 20.692034], [-103.269996, 20.692204], [-103.269989, 20.692367], [-103.269973, 20.692743], [-103.269956, 20.693139], [-103.270018, 20.693573], [-103.27003, 20.693659], [-103.270046, 20.69377], [-103.270054, 20.693826], [-103.270062, 20.693881], [-103.269443, 20.693531], [-103.269149, 20.693365], [-103.268484, 20.692989], [-103.267976, 20.692702], [-103.267504, 20.692446], [-103.266948, 20.692144], [-103.266944, 20.69207], [-103.266936, 20.691928], [-103.266928, 20.691788], [-103.266895, 20.691212], [-103.266786, 20.689956], [-103.266615, 20.688784], [-103.267107, 20.688771], [-103.267598, 20.688759], [-103.267574, 20.688658], [-103.267455, 20.688157], [-103.267337, 20.687656], [-103.268097, 20.687685], [-103.268798, 20.687712], [-103.268878, 20.687715], [-103.269014, 20.688133], [-103.269073, 20.688228], [-103.269132, 20.688322], [-103.269369, 20.68848], [-103.269607, 20.688638], [-103.270032, 20.688798], [-103.270246, 20.689194], [-103.270551, 20.689758], [-103.270562, 20.690206], [-103.27058, 20.690453], [-103.270504, 20.690757], [-103.270366, 20.690917]]]}}, {"type": "Feature", "id": 2671, "properties": {"section_num": 2671, "name": "Secci\u00f3n 2671", "municipality": "Tonal\u00e1", "municipalityCode": 102, "districtFederal": 7, "districtLocal": 7, "tipo": 2}, "geometry": {"type": "Polygon", "coordinates": [[[-103.268878, 20.687715], [-103.268798, 20.687712], [-103.268097, 20.687685], [-103.267337, 20.687656], [-103.267455, 20.688157], [-103.267574, 20.688658], [-103.267598, 20.688759], [-103.267107, 20.688771], [-103.266615, 20.688784], [-103.266459, 20.687244], [-103.265955, 20.687258], [-103.26579, 20.685811], [-103.265652, 20.684602], [-103.265251, 20.683579], [-103.265755, 20.683561], [-103.266007, 20.683552], [-103.266259, 20.683543], [-103.266604, 20.683427], [-103.266825, 20.683608], [-103.267097, 20.683833], [-103.267242, 20.683952], [-103.267367, 20.684055], [-103.267645, 20.684285], [-103.267691, 20.684559], [-103.267737, 20.684833], [-103.268182, 20.684837], [-103.268222, 20.684837], [-103.268262, 20.684837], [-103.268344, 20.684827], [-103.268579, 20.685444], [-103.268741, 20.685866], [-103.268811, 20.686273], [-103.268855, 20.686735], [-103.268867, 20.687249], [-103.268878, 20.687715]]]}}, {"type": "Feature", "id": 2672, "properties": {"section_num": 2672, "name": "Secci\u00f3n 2672", "municipality": "Tonal\u00e1", "municipalityCode": 102, "districtFederal": 7, "districtLocal": 7, "tipo": 2}, "geometry": {"type": "Polygon", "coordinates": [[[-103.264632, 20.688858], [-103.264612, 20.688708], [-103.263759, 20.688728], [-103.263746, 20.688256], [-103.263733, 20.687765], [-103.263719, 20.68729], [-103.263706, 20.686802], [-103.263693, 20.686326], [-103.26368, 20.685851], [-103.264293, 20.685825], [-103.264781, 20.685804], [-103.265274, 20.685784], [-103.265144, 20.684619], [-103.265652, 20.684602], [-103.26579, 20.685811], [-103.265955, 20.687258], [-103.26545, 20.687272], [-103.265622, 20.688819], [-103.265127, 20.688838], [-103.264632, 20.688858]]]}}, {"type": "Feature", "id": 2673, "properties": {"section_num": 2673, "name": "Secci\u00f3n 2673", "municipality": "Tonal\u00e1", "municipalityCode": 102, "districtFederal": 7, "districtLocal": 7, "tipo": 2}, "geometry": {"type": "Polygon", "coordinates": [[[-103.261125, 20.685896], [-103.261137, 20.685476], [-103.26068, 20.685422], [-103.260655, 20.685005], [-103.260626, 20.684541], [-103.260597, 20.684076], [-103.259369, 20.684072], [-103.25936, 20.683631], [-103.26009, 20.68364], [-103.260578, 20.683646], [-103.261172, 20.683654], [-103.261617, 20.68366], [-103.262117, 20.683666], [-103.262125, 20.683483], [-103.262314, 20.683489], [-103.262644, 20.683545], [-103.263168, 20.683589], [-103.263547, 20.683608], [-103.26363, 20.683614], [-103.263766, 20.683611], [-103.26425, 20.6836], [-103.264749, 20.68359], [-103.265251, 20.683579], [-103.265652, 20.684602], [-103.265144, 20.684619], [-103.265274, 20.685784], [-103.264781, 20.685804], [-103.264293, 20.685825], [-103.26368, 20.685851], [-103.263645, 20.684619], [-103.26315, 20.684606], [-103.262651, 20.684592], [-103.262131, 20.684578], [-103.261616, 20.684564], [-103.261626, 20.685041], [-103.261635, 20.685517], [-103.261642, 20.685877], [-103.261125, 20.685896]]]}}, {"type": "Feature", "id": 2674, "properties": {"section_num": 2674, "name": "Secci\u00f3n 2674", "municipality": "Tonal\u00e1", "municipalityCode": 102, "districtFederal": 7, "districtLocal": 7, "tipo": 2}, "geometry": {"type": "Polygon", "coordinates": [[[-103.259341, 20.686934], [-103.258451, 20.686614], [-103.257792, 20.686377], [-103.257085, 20.686124], [-103.256785, 20.686016], [-103.256539, 20.685928], [-103.256455, 20.685149], [-103.256429, 20.684909], [-103.256342, 20.684107], [-103.256294, 20.683661], [-103.256267, 20.683412], [-103.256389, 20.683149], [-103.256632, 20.682627], [-103.256674, 20.682123], [-103.258046, 20.682249], [-103.258019, 20.681523], [-103.258009, 20.681259], [-103.257985, 20.680614], [-103.257984, 20.680594], [-103.257974, 20.680322], [-103.258148, 20.680233], [-103.258607, 20.680098], [-103.259102, 20.679985], [-103.259109, 20.680476], [-103.259133, 20.680831], [-103.25915, 20.681069], [-103.259168, 20.68134], [-103.259185, 20.681593], [-103.259215, 20.682033], [-103.259234, 20.682301], [-103.259263, 20.682729], [-103.259274, 20.682901], [-103.259293, 20.683176], [-103.25936, 20.683631], [-103.259369, 20.684072], [-103.260597, 20.684076], [-103.260626, 20.684541], [-103.260655, 20.685005], [-103.26068, 20.685422], [-103.261137, 20.685476], [-103.261125, 20.685896], [-103.260423, 20.685927], [-103.260332, 20.685857], [-103.260311, 20.685385], [-103.259558, 20.685331], [-103.259616, 20.685792], [-103.259598, 20.686044], [-103.259341, 20.686934]]]}}, {"type": "Feature", "id": 2675, "properties": {"section_num": 2675, "name": "Secci\u00f3n 2675", "municipality": "Tonal\u00e1", "municipalityCode": 102, "districtFederal": 7, "districtLocal": 7, "tipo": 3}, "geometry": {"type": "Polygon", "coordinates": [[[-103.255751, 20.685632], [-103.254145, 20.684576], [-103.253085, 20.683876], [-103.252431, 20.68362], [-103.252602, 20.684339], [-103.2531, 20.684655], [-103.253339, 20.684702], [-103.253587, 20.68487], [-103.253976, 20.685004], [-103.254187, 20.685201], [-103.254349, 20.685565], [-103.254302, 20.685929], [-103.254559, 20.686249], [-103.254611, 20.686666], [-103.254187, 20.687057], [-103.254002, 20.687154], [-103.253718, 20.687503], [-103.25355, 20.687576], [-103.253473, 20.687673], [-103.252835, 20.687502], [-103.252769, 20.687633], [-103.252619, 20.687618], [-103.252534, 20.68755], [-103.252461, 20.687742], [-103.252514, 20.687789], [-103.252653, 20.687962], [-103.25277, 20.688279], [-103.252928, 20.688742], [-103.253154, 20.688776], [-103.253151, 20.688894], [-103.253255, 20.688892], [-103.253271, 20.689439], [-103.253317, 20.689446], [-103.253366, 20.689516], [-103.253525, 20.69045], [-103.253698, 20.691585], [-103.254074, 20.691547], [-103.254304, 20.691504], [-103.254579, 20.69148], [-103.255149, 20.691467], [-103.255432, 20.691462], [-103.255763, 20.691432], [-103.256312, 20.691418], [-103.256361, 20.691396], [-103.256495, 20.691379], [-103.256537, 20.691331], [-103.256804, 20.691393], [-103.256988, 20.691448], [-103.257663, 20.691578], [-103.257993, 20.691667], [-103.258137, 20.691669], [-103.258782, 20.691776], [-103.259247, 20.691859], [-103.259152, 20.691914], [-103.259099, 20.691988], [-103.259078, 20.69211], [-103.259199, 20.692282], [-103.259341, 20.692659], [-103.259279, 20.692889], [-103.259093, 20.693178], [-103.259119, 20.693432], [-103.259274, 20.693669], [-103.259332, 20.694265], [-103.259193, 20.694329], [-103.259453, 20.695219], [-103.260112, 20.695925], [-103.26018, 20.696625], [-103.260064, 20.6969], [-103.260066, 20.697121], [-103.259973, 20.697253], [-103.259987, 20.697419], [-103.260061, 20.697519], [-103.25996, 20.697749], [-103.259497, 20.69854], [-103.25938, 20.698914], [-103.259189, 20.699143], [-103.259208, 20.69938], [-103.259319, 20.699629], [-103.259183, 20.699728], [-103.259187, 20.700021], [-103.258909, 20.700412], [-103.258735, 20.701056], [-103.257874, 20.702419], [-103.257855, 20.702965], [-103.257988, 20.703885], [-103.256965, 20.704645], [-103.256149, 20.703855], [-103.255509, 20.702984], [-103.254465, 20.701889], [-103.253647, 20.701306], [-103.25236, 20.700803], [-103.250836, 20.700464], [-103.249545, 20.70054], [-103.247547, 20.700984], [-103.245666, 20.701511], [-103.244195, 20.702206], [-103.243136, 20.702737], [-103.24237, 20.703146], [-103.241599, 20.703611], [-103.240663, 20.704005], [-103.239779, 20.703808], [-103.238903, 20.703183], [-103.238376, 20.702891], [-103.23744, 20.702514], [-103.23703, 20.702429], [-103.236384, 20.702466], [-103.235566, 20.702007], [-103.235043, 20.701136], [-103.232591, 20.699304], [-103.231656, 20.698596], [-103.230894, 20.698468], [-103.228315, 20.698165], [-103.226966, 20.698116], [-103.226146, 20.697781], [-103.2261, 20.696774], [-103.226275, 20.696004], [-103.226229, 20.694998], [-103.226178, 20.69384], [-103.225364, 20.692596], [-103.22472, 20.692385], [-103.224257, 20.692331], [-103.222747, 20.692153], [-103.222141, 20.692082], [-103.221561, 20.692066], [-103.220264, 20.69203], [-103.219205, 20.691584], [-103.219135, 20.691526], [-103.217533, 20.690408], [-103.217415, 20.690325], [-103.217297, 20.690243], [-103.216819, 20.689909], [-103.21551, 20.688995], [-103.215466, 20.688965], [-103.215253, 20.688816], [-103.215216, 20.68879], [-103.214883, 20.688583], [-103.213539, 20.687749], [-103.212196, 20.686791], [-103.20968, 20.685785], [-103.208511, 20.685888], [-103.207219, 20.68617], [-103.205576, 20.686244], [-103.204871, 20.686281], [-103.203464, 20.686149], [-103.203166, 20.685996], [-103.20288, 20.685815], [-103.202648, 20.6854], [-103.202296, 20.684462], [-103.201951, 20.683509], [-103.201664, 20.682516], [-103.201377, 20.681522], [-103.200972, 20.680693], [-103.200564, 20.680236], [-103.199686, 20.679983], [-103.198224, 20.679231], [-103.195885, 20.678184], [-103.19489, 20.677765], [-103.193662, 20.67718], [-103.192786, 20.676637], [-103.192319, 20.67618], [-103.191862, 20.675212], [-103.190874, 20.673925], [-103.189823, 20.673175], [-103.188946, 20.672674], [-103.187772, 20.671979], [-103.187422, 20.671605], [-103.187074, 20.671025], [-103.186965, 20.669867], [-103.1868, 20.668855], [-103.186862, 20.668408], [-103.186949, 20.668285], [-103.187266, 20.668072], [-103.187378, 20.667975], [-103.18743, 20.667853], [-103.187479, 20.667575], [-103.187513, 20.667259], [-103.18748, 20.666984], [-103.187406, 20.666631], [-103.187384, 20.66645], [-103.187412, 20.666315], [-103.187462, 20.666191], [-103.187491, 20.66608], [-103.187487, 20.66596], [-103.18734, 20.66497], [-103.187251, 20.664648], [-103.187197, 20.664411], [-103.1872, 20.664321], [-103.187241, 20.664195], [-103.187361, 20.664061], [-103.187501, 20.6639], [-103.187559, 20.663793], [-103.187572, 20.663718], [-103.187553, 20.663642], [-103.187445, 20.663574], [-103.187089, 20.663507], [-103.186912, 20.663458], [-103.18679, 20.663345], [-103.186504, 20.662831], [-103.186306, 20.662543], [-103.185984, 20.662263], [-103.185869, 20.662141], [-103.185777, 20.661974], [-103.185299, 20.660643], [-103.185121, 20.660343], [-103.184919, 20.660047], [-103.184751, 20.65975], [-103.184608, 20.659524], [-103.184403, 20.659188], [-103.184032, 20.658678], [-103.184005, 20.65858], [-103.184038, 20.658473], [-103.184106, 20.658423], [-103.184211, 20.658432], [-103.184336, 20.658521], [-103.1846, 20.658782], [-103.184724, 20.658933], [-103.184857, 20.659227], [-103.184959, 20.659417], [-103.185038, 20.659514], [-103.185505, 20.659942], [-103.186385, 20.660731], [-103.186465, 20.660811], [-103.186568, 20.660964], [-103.187062, 20.662339], [-103.187164, 20.662506], [-103.187277, 20.662602], [-103.187385, 20.66265], [-103.187542, 20.662669], [-103.187813, 20.662657], [-103.187911, 20.662669], [-103.188139, 20.662726], [-103.188299, 20.662742], [-103.188444, 20.662713], [-103.188649, 20.662646], [-103.188796, 20.662597], [-103.188868, 20.662592], [-103.188947, 20.662611], [-103.188997, 20.662669], [-103.189011, 20.662839], [-103.188999, 20.66312], [-103.188956, 20.663463], [-103.188894, 20.663675], [-103.188754, 20.663963], [-103.188678, 20.664135], [-103.188653, 20.664233], [-103.188663, 20.664321], [-103.188697, 20.664398], [-103.188819, 20.66445], [-103.18909, 20.664424], [-103.189958, 20.664239], [-103.190205, 20.664224], [-103.19056, 20.664271], [-103.190824, 20.664273], [-103.191177, 20.66424], [-103.191473, 20.66415], [-103.191823, 20.66394], [-103.19213, 20.663773], [-103.192463, 20.663649], [-103.192659, 20.663538], [-103.192826, 20.663374], [-103.192961, 20.663313], [-103.193146, 20.663223], [-103.193311, 20.663072], [-103.193419, 20.663011], [-103.194081, 20.662862], [-103.194339, 20.662744], [-103.194517, 20.662685], [-103.194994, 20.662608], [-103.195394, 20.662433], [-103.196014, 20.662079], [-103.196171, 20.662025], [-103.196477, 20.661936], [-103.196609, 20.661861], [-103.196635, 20.661748], [-103.196561, 20.66165], [-103.196446, 20.661616], [-103.196132, 20.661634], [-103.194987, 20.661751], [-103.194811, 20.661764], [-103.194656, 20.661723], [-103.194473, 20.661625], [-103.194327, 20.66148], [-103.194256, 20.661355], [-103.194212, 20.661138], [-103.194266, 20.660909], [-103.1944, 20.660712], [-103.194842, 20.660361], [-103.195375, 20.659997], [-103.195598, 20.659933], [-103.196416, 20.660021], [-103.197177, 20.660095], [-103.197332, 20.660113], [-103.197526, 20.660188], [-103.19791, 20.660431], [-103.198059, 20.660465], [-103.198171, 20.660405], [-103.198251, 20.660301], [-103.198346, 20.660153], [-103.198542, 20.660029], [-103.19874, 20.660008], [-103.200893, 20.660257], [-103.203093, 20.66049], [-103.203832, 20.660569], [-103.204903, 20.660693], [-103.205735, 20.660736], [-103.205938, 20.660718], [-103.208979, 20.660397], [-103.208998, 20.660449], [-103.209016, 20.660502], [-103.209113, 20.660777], [-103.209167, 20.660864], [-103.209239, 20.66088], [-103.209385, 20.660975], [-103.209489, 20.661068], [-103.209578, 20.661195], [-103.209666, 20.661358], [-103.209712, 20.661551], [-103.209748, 20.661884], [-103.209682, 20.662403], [-103.209543, 20.663115], [-103.209533, 20.663355], [-103.209571, 20.663585], [-103.209633, 20.663781], [-103.209325, 20.66433], [-103.209207, 20.66451], [-103.208855, 20.664694], [-103.208596, 20.664875], [-103.208308, 20.665451], [-103.20867, 20.665695], [-103.209377, 20.666236], [-103.209335, 20.666428], [-103.209299, 20.666582], [-103.208997, 20.66666], [-103.208293, 20.666799], [-103.207835, 20.666865], [-103.207611, 20.666938], [-103.207645, 20.666994], [-103.208022, 20.6673], [-103.208179, 20.667424], [-103.208444, 20.667717], [-103.208851, 20.668044], [-103.209001, 20.668137], [-103.209233, 20.668244], [-103.209364, 20.668285], [-103.209625, 20.668344], [-103.209889, 20.668364], [-103.210093, 20.66836], [-103.210633, 20.668289], [-103.211005, 20.668286], [-103.211326, 20.66832], [-103.211565, 20.668378], [-103.211677, 20.668351], [-103.212922, 20.668798], [-103.21329, 20.668877], [-103.214323, 20.668941], [-103.215232, 20.668985], [-103.215293, 20.669084], [-103.215367, 20.669139], [-103.215545, 20.669175], [-103.21548, 20.669275], [-103.215449, 20.669345], [-103.215303, 20.669988], [-103.215886, 20.669823], [-103.216304, 20.669758], [-103.216342, 20.669824], [-103.216471, 20.669899], [-103.216575, 20.669997], [-103.216522, 20.67017], [-103.216996, 20.670874], [-103.218111, 20.671828], [-103.219756, 20.672077], [-103.219602, 20.672625], [-103.220192, 20.672452], [-103.220629, 20.672405], [-103.22106, 20.672367], [-103.221261, 20.672387], [-103.221162, 20.672594], [-103.221079, 20.672604], [-103.220994, 20.672662], [-103.220879, 20.672766], [-103.220743, 20.672856], [-103.220587, 20.672948], [-103.220252, 20.673135], [-103.219395, 20.673565], [-103.219208, 20.673728], [-103.219008, 20.673865], [-103.218883, 20.673916], [-103.218677, 20.673969], [-103.218554, 20.67401], [-103.218443, 20.674072], [-103.218382, 20.674138], [-103.218347, 20.674223], [-103.218344, 20.674319], [-103.21838, 20.674463], [-103.218459, 20.674601], [-103.218527, 20.67468], [-103.218798, 20.674864], [-103.218926, 20.674964], [-103.219086, 20.675149], [-103.219851, 20.675917], [-103.220085, 20.676131], [-103.220414, 20.676373], [-103.220443, 20.676431], [-103.220425, 20.676494], [-103.220352, 20.676565], [-103.220211, 20.676671], [-103.220043, 20.676768], [-103.219922, 20.67682], [-103.219819, 20.676852], [-103.219655, 20.676862], [-103.219581, 20.676879], [-103.219518, 20.676926], [-103.221085, 20.67748], [-103.221451, 20.677716], [-103.221409, 20.677922], [-103.221308, 20.678354], [-103.221277, 20.67895], [-103.221297, 20.679467], [-103.221462, 20.681508], [-103.221493, 20.681832], [-103.222789, 20.681243], [-103.223133, 20.681022], [-103.22357, 20.680629], [-103.22405, 20.680165], [-103.224195, 20.680038], [-103.224343, 20.679946], [-103.224549, 20.679838], [-103.224779, 20.679747], [-103.225048, 20.679677], [-103.225246, 20.679653], [-103.225487, 20.679651], [-103.225717, 20.679683], [-103.226173, 20.679804], [-103.226619, 20.679953], [-103.226803, 20.67999], [-103.227053, 20.680014], [-103.227887, 20.679815], [-103.228167, 20.679794], [-103.228434, 20.679825], [-103.228654, 20.6799], [-103.228825, 20.680011], [-103.228937, 20.680127], [-103.229852, 20.681163], [-103.230081, 20.681437], [-103.230248, 20.681669], [-103.230328, 20.681816], [-103.230456, 20.682109], [-103.23063, 20.682485], [-103.231173, 20.683551], [-103.231734, 20.684657], [-103.231869, 20.68485], [-103.232022, 20.685018], [-103.232165, 20.68513], [-103.232345, 20.685221], [-103.232527, 20.685278], [-103.232703, 20.685298], [-103.232949, 20.685274], [-103.23314, 20.685279], [-103.233297, 20.685325], [-103.233759, 20.685644], [-103.234595, 20.686258], [-103.234712, 20.686364], [-103.234782, 20.686479], [-103.234833, 20.686651], [-103.234822, 20.686831], [-103.23478, 20.687064], [-103.234769, 20.687299], [-103.234747, 20.687481], [-103.234762, 20.687628], [-103.234789, 20.687738], [-103.234841, 20.687765], [-103.235385, 20.687816], [-103.235457, 20.687473], [-103.23554, 20.686981], [-103.235562, 20.686929], [-103.236037, 20.686913], [-103.236685, 20.686884], [-103.236736, 20.686998], [-103.237022, 20.687653], [-103.237181, 20.687945], [-103.23731, 20.688152], [-103.23757, 20.688485], [-103.237766, 20.688692], [-103.238232, 20.689252], [-103.23849, 20.689592], [-103.241481, 20.687408], [-103.241572, 20.687336], [-103.242553, 20.686589], [-103.242556, 20.686843], [-103.242572, 20.687251], [-103.242601, 20.687655], [-103.24261, 20.688053], [-103.242623, 20.68847], [-103.243585, 20.688426], [-103.24509, 20.688408], [-103.245085, 20.68818], [-103.245074, 20.687642], [-103.245068, 20.687352], [-103.245063, 20.687045], [-103.245038, 20.685712], [-103.245127, 20.684707], [-103.245378, 20.68425], [-103.245435, 20.684031], [-103.245576, 20.683399], [-103.245608, 20.683146], [-103.245654, 20.682823], [-103.24715, 20.682738], [-103.247154, 20.682456], [-103.247175, 20.681615], [-103.247203, 20.681543], [-103.247237, 20.680794], [-103.247196, 20.68044], [-103.246996, 20.680247], [-103.246966, 20.680131], [-103.246948, 20.679828], [-103.247129, 20.679337], [-103.24733, 20.679375], [-103.247769, 20.67943], [-103.247907, 20.679434], [-103.248246, 20.679364], [-103.249069, 20.679147], [-103.24925, 20.679081], [-103.249736, 20.678832], [-103.250189, 20.678586], [-103.250455, 20.678483], [-103.250459, 20.678431], [-103.250294, 20.67781], [-103.249953, 20.677919], [-103.249881, 20.677639], [-103.249788, 20.677618], [-103.249661, 20.677647], [-103.249219, 20.677749], [-103.249092, 20.677779], [-103.248781, 20.677836], [-103.248482, 20.677855], [-103.248372, 20.676402], [-103.248334, 20.675903], [-103.248304, 20.675472], [-103.249302, 20.675385], [-103.249071, 20.674969], [-103.248951, 20.674738], [-103.248937, 20.674686], [-103.248873, 20.674505], [-103.249532, 20.674288], [-103.249653, 20.674184], [-103.249774, 20.674048], [-103.250022, 20.673994], [-103.250083, 20.67407], [-103.250398, 20.673959], [-103.250514, 20.673852], [-103.250938, 20.673488], [-103.251402, 20.673424], [-103.251889, 20.673386], [-103.251977, 20.674168], [-103.252029, 20.674621], [-103.252153, 20.675925], [-103.252177, 20.676098], [-103.252263, 20.67642], [-103.252451, 20.67686], [-103.252666, 20.677249], [-103.253073, 20.677693], [-103.25321, 20.677669], [-103.254069, 20.677594], [-103.255047, 20.677551], [-103.255053, 20.677619], [-103.25526, 20.678715], [-103.255263, 20.678737], [-103.255295, 20.679061], [-103.255298, 20.679139], [-103.255319, 20.67957], [-103.255325, 20.679662], [-103.255358, 20.680529], [-103.255528, 20.680514], [-103.255586, 20.680568], [-103.256506, 20.680473], [-103.257331, 20.680388], [-103.257865, 20.680334], [-103.257907, 20.680329], [-103.257974, 20.680322], [-103.257984, 20.680594], [-103.257985, 20.680614], [-103.258009, 20.681259], [-103.258019, 20.681523], [-103.258046, 20.682249], [-103.256674, 20.682123], [-103.256632, 20.682627], [-103.256389, 20.683149], [-103.256267, 20.683412], [-103.256294, 20.683661], [-103.256342, 20.684107], [-103.256429, 20.684909], [-103.256455, 20.685149], [-103.256539, 20.685928], [-103.255751, 20.685632]]]}}, {"type": "Feature", "id": 2677, "properties": {"section_num": 2677, "name": "Secci\u00f3n 2677", "municipality": "Tonal\u00e1", "municipalityCode": 102, "districtFederal": 7, "districtLocal": 7, "tipo": 2}, "geometry": {"type": "Polygon", "coordinates": [[[-103.244058, 20.639921], [-103.244038, 20.640111], [-103.244082, 20.640465], [-103.244082, 20.640865], [-103.244311, 20.641354], [-103.244332, 20.642025], [-103.244169, 20.642473], [-103.244075, 20.643069], [-103.244422, 20.644114], [-103.244426, 20.644447], [-103.244363, 20.644621], [-103.2444, 20.645037], [-103.24426, 20.645718], [-103.244228, 20.646], [-103.244023, 20.647811], [-103.245593, 20.648017], [-103.245687, 20.647947], [-103.245758, 20.647105], [-103.2476, 20.647287], [-103.247628, 20.647325], [-103.247628, 20.647382], [-103.247677, 20.647432], [-103.248729, 20.647516], [-103.249103, 20.64754], [-103.249466, 20.647569], [-103.249869, 20.647605], [-103.250463, 20.647646], [-103.250564, 20.647707], [-103.250545, 20.648037], [-103.250542, 20.648105], [-103.250523, 20.648371], [-103.250472, 20.648409], [-103.250399, 20.648941], [-103.250742, 20.649152], [-103.250897, 20.64926], [-103.251167, 20.649287], [-103.25116, 20.649353], [-103.251229, 20.649423], [-103.251469, 20.649467], [-103.251539, 20.649473], [-103.251826, 20.649524], [-103.251886, 20.649559], [-103.251854, 20.649981], [-103.251789, 20.650418], [-103.25138, 20.650366], [-103.251009, 20.650319], [-103.25086, 20.6503], [-103.25054, 20.650259], [-103.250379, 20.650192], [-103.250271, 20.650126], [-103.250088, 20.650012], [-103.249951, 20.649933], [-103.249901, 20.649904], [-103.249562, 20.649844], [-103.249465, 20.65055], [-103.249423, 20.650863], [-103.249404, 20.650997], [-103.249376, 20.651113], [-103.249357, 20.651186], [-103.249341, 20.651246], [-103.24932, 20.651285], [-103.249274, 20.651347], [-103.249225, 20.651392], [-103.248726, 20.651709], [-103.248982, 20.652022], [-103.249431, 20.652569], [-103.249435, 20.652797], [-103.24925, 20.652938], [-103.248963, 20.653149], [-103.248649, 20.65338], [-103.24836, 20.653594], [-103.248045, 20.653826], [-103.247394, 20.654305], [-103.247571, 20.654636], [-103.247649, 20.65501], [-103.247593, 20.656054], [-103.247561, 20.656474], [-103.247534, 20.656815], [-103.247506, 20.657155], [-103.247443, 20.65795], [-103.247365, 20.658926], [-103.247462, 20.658924], [-103.247463, 20.659683], [-103.247464, 20.660573], [-103.247464, 20.660808], [-103.247465, 20.661759], [-103.247465, 20.66184], [-103.247466, 20.662545], [-103.247468, 20.663866], [-103.247468, 20.664041], [-103.247469, 20.664637], [-103.247469, 20.664755], [-103.24747, 20.665431], [-103.24747, 20.665575], [-103.24747, 20.665939], [-103.246139, 20.665859], [-103.245088, 20.665904], [-103.244986, 20.665909], [-103.244478, 20.665884], [-103.243559, 20.665884], [-103.242519, 20.665868], [-103.241917, 20.665894], [-103.241239, 20.666182], [-103.241127, 20.666187], [-103.240629, 20.666339], [-103.239962, 20.666585], [-103.239166, 20.666972], [-103.238864, 20.667137], [-103.238719, 20.667209], [-103.238542, 20.667302], [-103.23805, 20.66755], [-103.237918, 20.667614], [-103.237583, 20.667808], [-103.237411, 20.667899], [-103.237086, 20.668087], [-103.236894, 20.668181], [-103.236604, 20.668329], [-103.236387, 20.668322], [-103.235088, 20.66828], [-103.234604, 20.668267], [-103.234269, 20.667504], [-103.23425, 20.667461], [-103.234184, 20.667311], [-103.233881, 20.666622], [-103.233673, 20.66615], [-103.233336, 20.665387], [-103.232219, 20.662856], [-103.232117, 20.662523], [-103.232035, 20.662115], [-103.23203, 20.662091], [-103.232041, 20.661746], [-103.232063, 20.661083], [-103.23209, 20.660599], [-103.23248, 20.659361], [-103.233036, 20.657598], [-103.233311, 20.656722], [-103.233408, 20.656417], [-103.234547, 20.6528], [-103.23606, 20.647997], [-103.236487, 20.646641], [-103.237067, 20.644802], [-103.237453, 20.643914], [-103.237759, 20.643481], [-103.238172, 20.643061], [-103.24005, 20.641874], [-103.240214, 20.641761], [-103.241402, 20.640938], [-103.242135, 20.640484], [-103.242606, 20.640152], [-103.242881, 20.639872], [-103.243016, 20.639661], [-103.243117, 20.639407], [-103.24316, 20.639196], [-103.243307, 20.637785], [-103.243395, 20.637813], [-103.24357, 20.637932], [-103.243776, 20.638274], [-103.243913, 20.638473], [-103.243848, 20.639223], [-103.243907, 20.639419], [-103.243936, 20.639629], [-103.244058, 20.639921]]]}}, {"type": "Feature", "id": 2678, "properties": {"section_num": 2678, "name": "Secci\u00f3n 2678", "municipality": "Tonal\u00e1", "municipalityCode": 102, "districtFederal": 7, "districtLocal": 7, "tipo": 2}, "geometry": {"type": "Polygon", "coordinates": [[[-103.255586, 20.680568], [-103.255528, 20.680514], [-103.255358, 20.680529], [-103.255325, 20.679662], [-103.255319, 20.67957], [-103.255298, 20.679139], [-103.255295, 20.679061], [-103.255263, 20.678737], [-103.25526, 20.678715], [-103.255053, 20.677619], [-103.255047, 20.677551], [-103.25536, 20.677534], [-103.256164, 20.677507], [-103.256881, 20.677428], [-103.25774, 20.677301], [-103.258336, 20.677157], [-103.258789, 20.677034], [-103.258902, 20.677014], [-103.26011, 20.676959], [-103.261275, 20.676937], [-103.262097, 20.676981], [-103.262615, 20.677008], [-103.263112, 20.677034], [-103.263685, 20.677235], [-103.263662, 20.677695], [-103.26363, 20.678042], [-103.263615, 20.678201], [-103.263116, 20.67818], [-103.262576, 20.678142], [-103.262048, 20.678111], [-103.261294, 20.678111], [-103.260122, 20.678038], [-103.258961, 20.678013], [-103.258983, 20.67829], [-103.259007, 20.678737], [-103.259025, 20.678991], [-103.259047, 20.679272], [-103.259076, 20.679704], [-103.259102, 20.679985], [-103.258607, 20.680098], [-103.258148, 20.680233], [-103.257974, 20.680322], [-103.257907, 20.680329], [-103.257865, 20.680334], [-103.257331, 20.680388], [-103.256506, 20.680473], [-103.255586, 20.680568]]]}}, {"type": "Feature", "id": 2679, "properties": {"section_num": 2679, "name": "Secci\u00f3n 2679", "municipality": "Tonal\u00e1", "municipalityCode": 102, "districtFederal": 7, "districtLocal": 7, "tipo": 2}, "geometry": {"type": "Polygon", "coordinates": [[[-103.255047, 20.677551], [-103.254069, 20.677594], [-103.25321, 20.677669], [-103.253073, 20.677693], [-103.252666, 20.677249], [-103.252451, 20.67686], [-103.252263, 20.67642], [-103.252177, 20.676098], [-103.252153, 20.675925], [-103.252029, 20.674621], [-103.251977, 20.674168], [-103.251889, 20.673386], [-103.251777, 20.672397], [-103.251727, 20.671941], [-103.251679, 20.67149], [-103.251628, 20.671024], [-103.251518, 20.670019], [-103.251455, 20.669522], [-103.252425, 20.669392], [-103.253441, 20.6693], [-103.25346, 20.669158], [-103.253713, 20.669174], [-103.254605, 20.669231], [-103.254632, 20.669202], [-103.254973, 20.669705], [-103.255665, 20.66963], [-103.255516, 20.669414], [-103.254941, 20.668596], [-103.255457, 20.668255], [-103.25581, 20.66871], [-103.256028, 20.668365], [-103.256101, 20.668191], [-103.25642, 20.668672], [-103.256763, 20.669179], [-103.257068, 20.669629], [-103.257535, 20.669648], [-103.258257, 20.669678], [-103.258759, 20.669699], [-103.260129, 20.669755], [-103.260594, 20.669774], [-103.260547, 20.670144], [-103.260476, 20.670705], [-103.260393, 20.67136], [-103.260332, 20.671862], [-103.260274, 20.672986], [-103.260197, 20.674098], [-103.260191, 20.674198], [-103.260344, 20.674603], [-103.260486, 20.674981], [-103.260521, 20.675074], [-103.260672, 20.675477], [-103.26083, 20.675895], [-103.261033, 20.676436], [-103.261275, 20.676937], [-103.26011, 20.676959], [-103.258902, 20.677014], [-103.258789, 20.677034], [-103.258336, 20.677157], [-103.25774, 20.677301], [-103.256881, 20.677428], [-103.256164, 20.677507], [-103.25536, 20.677534], [-103.255047, 20.677551]]]}}, {"type": "Feature", "id": 2680, "properties": {"section_num": 2680, "name": "Secci\u00f3n 2680", "municipality": "Tonal\u00e1", "municipalityCode": 102, "districtFederal": 7, "districtLocal": 7, "tipo": 2}, "geometry": {"type": "Polygon", "coordinates": [[[-103.261275, 20.676937], [-103.261033, 20.676436], [-103.26083, 20.675895], [-103.260672, 20.675477], [-103.260521, 20.675074], [-103.260486, 20.674981], [-103.260344, 20.674603], [-103.260191, 20.674198], [-103.260197, 20.674098], [-103.260274, 20.672986], [-103.260332, 20.671862], [-103.260393, 20.67136], [-103.260476, 20.670705], [-103.260547, 20.670144], [-103.260594, 20.669774], [-103.260608, 20.669043], [-103.260628, 20.667946], [-103.260647, 20.666926], [-103.260658, 20.666801], [-103.260737, 20.665871], [-103.260761, 20.66419], [-103.260748, 20.664079], [-103.261698, 20.664072], [-103.261871, 20.664493], [-103.262164, 20.665206], [-103.262252, 20.66542], [-103.26244, 20.665532], [-103.262609, 20.665868], [-103.262968, 20.666358], [-103.263187, 20.666657], [-103.263818, 20.667517], [-103.263855, 20.667653], [-103.263861, 20.667698], [-103.263913, 20.66782], [-103.263939, 20.667881], [-103.264028, 20.667789], [-103.264117, 20.667698], [-103.264207, 20.667612], [-103.264228, 20.667592], [-103.264305, 20.667536], [-103.264333, 20.667583], [-103.265777, 20.668903], [-103.265949, 20.669003], [-103.266211, 20.669121], [-103.266389, 20.669266], [-103.266524, 20.669534], [-103.26651, 20.669657], [-103.266494, 20.669807], [-103.266533, 20.669813], [-103.266836, 20.669868], [-103.266852, 20.669881], [-103.266883, 20.670059], [-103.266797, 20.670617], [-103.266835, 20.670646], [-103.266949, 20.670732], [-103.267316, 20.67144], [-103.267479, 20.671757], [-103.267477, 20.671973], [-103.267375, 20.672273], [-103.267381, 20.672466], [-103.267557, 20.672823], [-103.267565, 20.672944], [-103.267573, 20.673065], [-103.267584, 20.673364], [-103.267383, 20.673748], [-103.267587, 20.673866], [-103.267601, 20.674029], [-103.267468, 20.674197], [-103.266973, 20.674455], [-103.266396, 20.674994], [-103.266247, 20.675467], [-103.266343, 20.675746], [-103.267051, 20.676217], [-103.267231, 20.676397], [-103.267932, 20.677359], [-103.268052, 20.677512], [-103.268304, 20.677981], [-103.268087, 20.6784], [-103.267722, 20.679141], [-103.267457, 20.678829], [-103.267349, 20.678685], [-103.267091, 20.678343], [-103.266, 20.677981], [-103.265182, 20.677699], [-103.263685, 20.677235], [-103.263112, 20.677034], [-103.262615, 20.677008], [-103.262097, 20.676981], [-103.261275, 20.676937]]]}}, {"type": "Feature", "id": 2681, "properties": {"section_num": 2681, "name": "Secci\u00f3n 2681", "municipality": "Tonal\u00e1", "municipalityCode": 102, "districtFederal": 7, "districtLocal": 7, "tipo": 2}, "geometry": {"type": "Polygon", "coordinates": [[[-103.258961, 20.678013], [-103.260122, 20.678038], [-103.261294, 20.678111], [-103.262048, 20.678111], [-103.262576, 20.678142], [-103.263116, 20.67818], [-103.263615, 20.678201], [-103.263597, 20.678388], [-103.263568, 20.678758], [-103.263548, 20.679006], [-103.263458, 20.679319], [-103.263215, 20.680161], [-103.262446, 20.680317], [-103.262571, 20.681559], [-103.26321, 20.681477], [-103.263201, 20.681923], [-103.263187, 20.682602], [-103.263367, 20.683105], [-103.263547, 20.683608], [-103.263168, 20.683589], [-103.262644, 20.683545], [-103.262314, 20.683489], [-103.262125, 20.683483], [-103.262117, 20.683666], [-103.261617, 20.68366], [-103.261172, 20.683654], [-103.260578, 20.683646], [-103.26009, 20.68364], [-103.25936, 20.683631], [-103.259293, 20.683176], [-103.259274, 20.682901], [-103.259263, 20.682729], [-103.259234, 20.682301], [-103.259215, 20.682033], [-103.259185, 20.681593], [-103.259168, 20.68134], [-103.25915, 20.681069], [-103.259133, 20.680831], [-103.259109, 20.680476], [-103.259102, 20.679985], [-103.259076, 20.679704], [-103.259047, 20.679272], [-103.259025, 20.678991], [-103.259007, 20.678737], [-103.258983, 20.67829], [-103.258961, 20.678013]]]}}, {"type": "Feature", "id": 2682, "properties": {"section_num": 2682, "name": "Secci\u00f3n 2682", "municipality": "Tonal\u00e1", "municipalityCode": 102, "districtFederal": 7, "districtLocal": 7, "tipo": 2}, "geometry": {"type": "Polygon", "coordinates": [[[-103.266942, 20.680874], [-103.267113, 20.681089], [-103.267144, 20.681349], [-103.267202, 20.681713], [-103.267143, 20.681924], [-103.267176, 20.682062], [-103.267273, 20.682184], [-103.267295, 20.682253], [-103.267327, 20.682353], [-103.267373, 20.682598], [-103.267361, 20.682656], [-103.267345, 20.682735], [-103.267364, 20.682781], [-103.267384, 20.682827], [-103.267445, 20.682881], [-103.26748, 20.682909], [-103.267524, 20.682932], [-103.267612, 20.683031], [-103.267686, 20.683149], [-103.267732, 20.683222], [-103.267819, 20.683378], [-103.267853, 20.683553], [-103.267907, 20.683715], [-103.267947, 20.683755], [-103.267986, 20.683795], [-103.26803, 20.6839], [-103.268073, 20.684004], [-103.268155, 20.684254], [-103.268217, 20.684387], [-103.268302, 20.684684], [-103.268344, 20.684827], [-103.268262, 20.684837], [-103.268222, 20.684837], [-103.268182, 20.684837], [-103.267737, 20.684833], [-103.267691, 20.684559], [-103.267645, 20.684285], [-103.267367, 20.684055], [-103.267242, 20.683952], [-103.267097, 20.683833], [-103.266825, 20.683608], [-103.266604, 20.683427], [-103.266259, 20.683543], [-103.266007, 20.683552], [-103.265755, 20.683561], [-103.265251, 20.683579], [-103.264749, 20.68359], [-103.26425, 20.6836], [-103.263766, 20.683611], [-103.26363, 20.683614], [-103.263547, 20.683608], [-103.263367, 20.683105], [-103.263187, 20.682602], [-103.263201, 20.681923], [-103.26321, 20.681477], [-103.262571, 20.681559], [-103.262446, 20.680317], [-103.263215, 20.680161], [-103.263458, 20.679319], [-103.263548, 20.679006], [-103.263568, 20.678758], [-103.263597, 20.678388], [-103.263615, 20.678201], [-103.26363, 20.678042], [-103.263662, 20.677695], [-103.263685, 20.677235], [-103.265182, 20.677699], [-103.266, 20.677981], [-103.267091, 20.678343], [-103.267349, 20.678685], [-103.267457, 20.678829], [-103.26729, 20.679072], [-103.266978, 20.67945], [-103.26689, 20.679582], [-103.26682, 20.679771], [-103.266796, 20.679854], [-103.266805, 20.680127], [-103.266949, 20.680483], [-103.267012, 20.680654], [-103.266942, 20.680874]]]}}, {"type": "Feature", "id": 2683, "properties": {"section_num": 2683, "name": "Secci\u00f3n 2683", "municipality": "Tonal\u00e1", "municipalityCode": 102, "districtFederal": 7, "districtLocal": 7, "tipo": 2}, "geometry": {"type": "Polygon", "coordinates": [[[-103.224222, 20.634635], [-103.223848, 20.633308], [-103.223775, 20.633325], [-103.223737, 20.633311], [-103.2237, 20.633168], [-103.223745, 20.633125], [-103.223812, 20.633096], [-103.22386, 20.633017], [-103.223873, 20.632959], [-103.223968, 20.632925], [-103.224015, 20.632919], [-103.224089, 20.632896], [-103.224181, 20.632888], [-103.224258, 20.632907], [-103.224337, 20.632838], [-103.224368, 20.632817], [-103.224409, 20.632827], [-103.224503, 20.632819], [-103.224546, 20.632715], [-103.224653, 20.632664], [-103.224662, 20.632496], [-103.2247, 20.632349], [-103.224678, 20.63226], [-103.224637, 20.632109], [-103.22467, 20.631839], [-103.224854, 20.631672], [-103.225017, 20.631594], [-103.225366, 20.631393], [-103.225658, 20.631433], [-103.226279, 20.631421], [-103.226281, 20.631312], [-103.226405, 20.631305], [-103.22647, 20.631257], [-103.226536, 20.631233], [-103.226642, 20.631223], [-103.226754, 20.631232], [-103.226695, 20.63106], [-103.226643, 20.630973], [-103.226632, 20.63082], [-103.226665, 20.630743], [-103.226665, 20.630685], [-103.226651, 20.630608], [-103.226564, 20.630454], [-103.226438, 20.630318], [-103.226351, 20.630181], [-103.226269, 20.630134], [-103.226064, 20.630076], [-103.225968, 20.630029], [-103.225846, 20.629955], [-103.225472, 20.629819], [-103.2252, 20.629763], [-103.225009, 20.629728], [-103.224785, 20.629668], [-103.22464, 20.629641], [-103.224529, 20.629608], [-103.224297, 20.629459], [-103.224185, 20.629407], [-103.224058, 20.629332], [-103.224032, 20.629282], [-103.224083, 20.629234], [-103.22453, 20.628811], [-103.225308, 20.628076], [-103.225437, 20.627955], [-103.226234, 20.627326], [-103.226722, 20.626941], [-103.226841, 20.626834], [-103.227005, 20.626667], [-103.227144, 20.626461], [-103.226882, 20.626342], [-103.226775, 20.626169], [-103.226762, 20.625916], [-103.226797, 20.625679], [-103.226961, 20.625478], [-103.22698, 20.625418], [-103.227, 20.625357], [-103.226979, 20.625261], [-103.226917, 20.625104], [-103.226886, 20.624987], [-103.226914, 20.62483], [-103.226868, 20.624673], [-103.226773, 20.624551], [-103.226537, 20.624468], [-103.226241, 20.624525], [-103.225779, 20.624556], [-103.22537, 20.624643], [-103.225116, 20.624721], [-103.225107, 20.624607], [-103.225097, 20.624493], [-103.225196, 20.624368], [-103.225537, 20.624129], [-103.22575, 20.623843], [-103.226017, 20.623456], [-103.226003, 20.623319], [-103.225891, 20.623202], [-103.225841, 20.623059], [-103.225978, 20.622783], [-103.22607, 20.622421], [-103.226252, 20.622178], [-103.226367, 20.622076], [-103.226447, 20.621988], [-103.226501, 20.621892], [-103.226495, 20.621807], [-103.226525, 20.621794], [-103.226554, 20.62178], [-103.226628, 20.621821], [-103.226707, 20.621934], [-103.226767, 20.622027], [-103.226985, 20.62201], [-103.227181, 20.622027], [-103.22734, 20.622088], [-103.227658, 20.622117], [-103.227945, 20.622134], [-103.228219, 20.622091], [-103.228999, 20.622112], [-103.229075, 20.62211], [-103.229466, 20.622102], [-103.229631, 20.622087], [-103.230054, 20.622048], [-103.230137, 20.622056], [-103.230354, 20.622077], [-103.230511, 20.622092], [-103.230755, 20.622115], [-103.230909, 20.621466], [-103.231426, 20.621593], [-103.231524, 20.621617], [-103.231528, 20.62127], [-103.231529, 20.62121], [-103.231942, 20.621278], [-103.232548, 20.621495], [-103.232978, 20.621648], [-103.233047, 20.621669], [-103.233752, 20.621883], [-103.234203, 20.622007], [-103.234594, 20.622115], [-103.234359, 20.623034], [-103.233955, 20.622936], [-103.233934, 20.623419], [-103.233915, 20.623855], [-103.233882, 20.624613], [-103.232563, 20.624483], [-103.232317, 20.62448], [-103.232012, 20.624464], [-103.232015, 20.625041], [-103.231632, 20.625044], [-103.23125, 20.625046], [-103.231251, 20.625508], [-103.231252, 20.625625], [-103.23122, 20.626363], [-103.231208, 20.626643], [-103.23116, 20.626921], [-103.231071, 20.627432], [-103.230761, 20.627437], [-103.230409, 20.627442], [-103.230413, 20.627872], [-103.230414, 20.628031], [-103.230416, 20.628243], [-103.230418, 20.628449], [-103.230429, 20.629666], [-103.230813, 20.629649], [-103.231025, 20.629639], [-103.231935, 20.629598], [-103.233189, 20.629539], [-103.233402, 20.629529], [-103.233366, 20.63], [-103.233319, 20.630031], [-103.233274, 20.630131], [-103.233269, 20.630231], [-103.233296, 20.630454], [-103.233275, 20.630775], [-103.233063, 20.630758], [-103.232682, 20.630726], [-103.232671, 20.630914], [-103.232648, 20.631292], [-103.233043, 20.631297], [-103.233469, 20.631302], [-103.233833, 20.631307], [-103.233697, 20.631675], [-103.233544, 20.632086], [-103.232553, 20.6321], [-103.232488, 20.632642], [-103.232384, 20.633064], [-103.232274, 20.633507], [-103.232166, 20.633943], [-103.231977, 20.634707], [-103.231741, 20.634683], [-103.230868, 20.634594], [-103.230833, 20.635056], [-103.229779, 20.634944], [-103.227679, 20.634719], [-103.227418, 20.634691], [-103.227402, 20.635618], [-103.226556, 20.635756], [-103.225269, 20.635453], [-103.224862, 20.634627], [-103.224568, 20.634509], [-103.224222, 20.634635]]]}}, {"type": "Feature", "id": 2684, "properties": {"section_num": 2684, "name": "Secci\u00f3n 2684", "municipality": "Tonal\u00e1", "municipalityCode": 102, "districtFederal": 7, "districtLocal": 7, "tipo": 3}, "geometry": {"type": "Polygon", "coordinates": [[[-103.238686, 20.632838], [-103.238223, 20.63295], [-103.237725, 20.633445], [-103.237737, 20.634012], [-103.237775, 20.634146], [-103.237785, 20.63429], [-103.237753, 20.634293], [-103.237213, 20.634321], [-103.237176, 20.63476], [-103.237187, 20.634838], [-103.237107, 20.635122], [-103.237364, 20.635126], [-103.237262, 20.635434], [-103.237254, 20.635466], [-103.237371, 20.635472], [-103.237623, 20.635561], [-103.237711, 20.635564], [-103.237763, 20.635585], [-103.23783, 20.63559], [-103.237931, 20.635625], [-103.238067, 20.635628], [-103.23813, 20.635644], [-103.238209, 20.635646], [-103.238282, 20.635659], [-103.238461, 20.63573], [-103.23852, 20.635758], [-103.238705, 20.635805], [-103.238814, 20.635822], [-103.238883, 20.635855], [-103.239293, 20.635842], [-103.23962, 20.635955], [-103.239764, 20.635956], [-103.23992, 20.636025], [-103.239848, 20.638066], [-103.240572, 20.638255], [-103.240604, 20.638172], [-103.24189, 20.636762], [-103.242302, 20.636864], [-103.242306, 20.636997], [-103.24249, 20.637015], [-103.242471, 20.63937], [-103.24288, 20.639429], [-103.243117, 20.639407], [-103.243016, 20.639661], [-103.242881, 20.639872], [-103.242606, 20.640152], [-103.242135, 20.640484], [-103.241402, 20.640938], [-103.240214, 20.641761], [-103.24005, 20.641874], [-103.238172, 20.643061], [-103.237759, 20.643481], [-103.237453, 20.643914], [-103.237067, 20.644802], [-103.236782, 20.644819], [-103.23452, 20.644182], [-103.234536, 20.644135], [-103.234551, 20.644089], [-103.234614, 20.643848], [-103.234619, 20.643789], [-103.234646, 20.643668], [-103.234058, 20.643555], [-103.234027, 20.643549], [-103.233634, 20.643464], [-103.233575, 20.643452], [-103.233332, 20.643403], [-103.233272, 20.64339], [-103.233021, 20.643341], [-103.232953, 20.643329], [-103.232709, 20.643277], [-103.232648, 20.643266], [-103.232402, 20.643217], [-103.232345, 20.643206], [-103.232201, 20.643176], [-103.232137, 20.643193], [-103.231593, 20.643085], [-103.230816, 20.642934], [-103.230425, 20.642858], [-103.230309, 20.642833], [-103.230231, 20.642816], [-103.230282, 20.642443], [-103.230163, 20.641929], [-103.230341, 20.641631], [-103.230436, 20.641553], [-103.230451, 20.641304], [-103.23045, 20.641278], [-103.230436, 20.640681], [-103.230336, 20.640433], [-103.230409, 20.640351], [-103.230431, 20.640289], [-103.230535, 20.639995], [-103.230707, 20.639632], [-103.230974, 20.639181], [-103.230952, 20.63914], [-103.230999, 20.638736], [-103.231057, 20.638474], [-103.230662, 20.637917], [-103.230522, 20.637815], [-103.230423, 20.637381], [-103.2303, 20.637299], [-103.23038, 20.636708], [-103.230252, 20.636533], [-103.230053, 20.636503], [-103.230008, 20.635842], [-103.22987, 20.63528], [-103.229779, 20.634944], [-103.230833, 20.635056], [-103.230868, 20.634594], [-103.231741, 20.634683], [-103.231977, 20.634707], [-103.232166, 20.633943], [-103.232274, 20.633507], [-103.232384, 20.633064], [-103.232488, 20.632642], [-103.232553, 20.6321], [-103.233544, 20.632086], [-103.233697, 20.631675], [-103.233833, 20.631307], [-103.233469, 20.631302], [-103.233043, 20.631297], [-103.232648, 20.631292], [-103.232671, 20.630914], [-103.232682, 20.630726], [-103.233063, 20.630758], [-103.233275, 20.630775], [-103.233296, 20.630454], [-103.233269, 20.630231], [-103.233274, 20.630131], [-103.233319, 20.630031], [-103.233366, 20.63], [-103.233402, 20.629529], [-103.233189, 20.629539], [-103.231935, 20.629598], [-103.231025, 20.629639], [-103.230813, 20.629649], [-103.230429, 20.629666], [-103.230418, 20.628449], [-103.230416, 20.628243], [-103.230414, 20.628031], [-103.230413, 20.627872], [-103.230409, 20.627442], [-103.230761, 20.627437], [-103.231071, 20.627432], [-103.23116, 20.626921], [-103.231208, 20.626643], [-103.23122, 20.626363], [-103.231252, 20.625625], [-103.231251, 20.625508], [-103.23125, 20.625046], [-103.231632, 20.625044], [-103.232015, 20.625041], [-103.232012, 20.624464], [-103.232317, 20.62448], [-103.232563, 20.624483], [-103.233882, 20.624613], [-103.233915, 20.623855], [-103.233934, 20.623419], [-103.233955, 20.622936], [-103.234359, 20.623034], [-103.234594, 20.622115], [-103.235102, 20.622218], [-103.235234, 20.622245], [-103.23561, 20.622322], [-103.237146, 20.622634], [-103.236854, 20.623663], [-103.236417, 20.625199], [-103.236202, 20.625957], [-103.236116, 20.626261], [-103.237743, 20.626679], [-103.237574, 20.627175], [-103.237283, 20.628153], [-103.237108, 20.628703], [-103.236948, 20.629228], [-103.237378, 20.629269], [-103.237919, 20.62932], [-103.238489, 20.629374], [-103.239061, 20.629507], [-103.239613, 20.629636], [-103.239235, 20.6307], [-103.238912, 20.631743], [-103.238698, 20.632676], [-103.238686, 20.632838]]]}}, {"type": "Feature", "id": 2685, "properties": {"section_num": 2685, "name": "Secci\u00f3n 2685", "municipality": "Tonal\u00e1", "municipalityCode": 102, "districtFederal": 7, "districtLocal": 7, "tipo": 2}, "geometry": {"type": "Polygon", "coordinates": [[[-103.237254, 20.635466], [-103.237262, 20.635434], [-103.237364, 20.635126], [-103.237107, 20.635122], [-103.237187, 20.634838], [-103.237176, 20.63476], [-103.237213, 20.634321], [-103.237753, 20.634293], [-103.237785, 20.63429], [-103.237775, 20.634146], [-103.237737, 20.634012], [-103.237725, 20.633445], [-103.238223, 20.63295], [-103.238686, 20.632838], [-103.238698, 20.632676], [-103.238912, 20.631743], [-103.239235, 20.6307], [-103.239613, 20.629636], [-103.23978, 20.629124], [-103.239996, 20.628461], [-103.240568, 20.628588], [-103.241297, 20.628749], [-103.241466, 20.628114], [-103.242901, 20.628511], [-103.244374, 20.62892], [-103.245027, 20.629101], [-103.2451, 20.629119], [-103.245648, 20.629258], [-103.246199, 20.629398], [-103.246579, 20.629495], [-103.24675, 20.629538], [-103.246922, 20.629582], [-103.247345, 20.629689], [-103.247239, 20.630139], [-103.24713, 20.630602], [-103.246998, 20.631161], [-103.246876, 20.631631], [-103.247329, 20.631746], [-103.247089, 20.632535], [-103.246999, 20.632609], [-103.246669, 20.632852], [-103.246588, 20.632895], [-103.24653, 20.6329], [-103.246418, 20.632935], [-103.246308, 20.632945], [-103.24619, 20.633593], [-103.246171, 20.633697], [-103.246012, 20.634425], [-103.245418, 20.634266], [-103.24478, 20.634082], [-103.243752, 20.633894], [-103.24373, 20.634119], [-103.243651, 20.6348], [-103.243567, 20.635528], [-103.243483, 20.636257], [-103.243385, 20.636963], [-103.243307, 20.637785], [-103.24316, 20.639196], [-103.243117, 20.639407], [-103.24288, 20.639429], [-103.242471, 20.63937], [-103.24249, 20.637015], [-103.242306, 20.636997], [-103.242302, 20.636864], [-103.24189, 20.636762], [-103.240604, 20.638172], [-103.240572, 20.638255], [-103.239848, 20.638066], [-103.23992, 20.636025], [-103.239764, 20.635956], [-103.23962, 20.635955], [-103.239293, 20.635842], [-103.238883, 20.635855], [-103.238814, 20.635822], [-103.238705, 20.635805], [-103.23852, 20.635758], [-103.238461, 20.63573], [-103.238282, 20.635659], [-103.238209, 20.635646], [-103.23813, 20.635644], [-103.238067, 20.635628], [-103.237931, 20.635625], [-103.23783, 20.63559], [-103.237763, 20.635585], [-103.237711, 20.635564], [-103.237623, 20.635561], [-103.237371, 20.635472], [-103.237254, 20.635466]]]}}, {"type": "Feature", "id": 2687, "properties": {"section_num": 2687, "name": "Secci\u00f3n 2687", "municipality": "Tonal\u00e1", "municipalityCode": 102, "districtFederal": 7, "districtLocal": 7, "tipo": 2}, "geometry": {"type": "Polygon", "coordinates": [[[-103.244374, 20.62892], [-103.242901, 20.628511], [-103.241466, 20.628114], [-103.241297, 20.628749], [-103.240568, 20.628588], [-103.239996, 20.628461], [-103.240196, 20.627803], [-103.240359, 20.627268], [-103.240695, 20.626166], [-103.241081, 20.624784], [-103.241162, 20.624494], [-103.241367, 20.623759], [-103.24198, 20.623882], [-103.242573, 20.624001], [-103.244019, 20.624361], [-103.245465, 20.624722], [-103.246323, 20.624936], [-103.245975, 20.626052], [-103.245157, 20.625838], [-103.244808, 20.627081], [-103.244374, 20.62892]]]}}, {"type": "Feature", "id": 2688, "properties": {"section_num": 2688, "name": "Secci\u00f3n 2688", "municipality": "Tonal\u00e1", "municipalityCode": 102, "districtFederal": 7, "districtLocal": 7, "tipo": 2}, "geometry": {"type": "Polygon", "coordinates": [[[-103.240695, 20.626166], [-103.239469, 20.625878], [-103.238091, 20.625554], [-103.238482, 20.624086], [-103.238756, 20.623059], [-103.24015, 20.623495], [-103.241367, 20.623759], [-103.241162, 20.624494], [-103.241081, 20.624784], [-103.240695, 20.626166]]]}}, {"type": "Feature", "id": 2689, "properties": {"section_num": 2689, "name": "Secci\u00f3n 2689", "municipality": "Tonal\u00e1", "municipalityCode": 102, "districtFederal": 7, "districtLocal": 7, "tipo": 2}, "geometry": {"type": "Polygon", "coordinates": [[[-103.239613, 20.629636], [-103.239061, 20.629507], [-103.238489, 20.629374], [-103.237919, 20.62932], [-103.237378, 20.629269], [-103.236948, 20.629228], [-103.237108, 20.628703], [-103.237283, 20.628153], [-103.237574, 20.627175], [-103.239014, 20.627531], [-103.239157, 20.627014], [-103.239469, 20.625878], [-103.240695, 20.626166], [-103.240359, 20.627268], [-103.240196, 20.627803], [-103.239996, 20.628461], [-103.23978, 20.629124], [-103.239613, 20.629636]]]}}, {"type": "Feature", "id": 2690, "properties": {"section_num": 2690, "name": "Secci\u00f3n 2690", "municipality": "Tonal\u00e1", "municipalityCode": 102, "districtFederal": 7, "districtLocal": 7, "tipo": 2}, "geometry": {"type": "Polygon", "coordinates": [[[-103.239014, 20.627531], [-103.237574, 20.627175], [-103.237743, 20.626679], [-103.236116, 20.626261], [-103.236202, 20.625957], [-103.236417, 20.625199], [-103.236854, 20.623663], [-103.237146, 20.622634], [-103.237654, 20.622768], [-103.238756, 20.623059], [-103.238482, 20.624086], [-103.238091, 20.625554], [-103.239469, 20.625878], [-103.239157, 20.627014], [-103.239014, 20.627531]]]}}, {"type": "Feature", "id": 2697, "properties": {"section_num": 2697, "name": "Secci\u00f3n 2697", "municipality": "Tonal\u00e1", "municipalityCode": 102, "districtFederal": 7, "districtLocal": 7, "tipo": 2}, "geometry": {"type": "Polygon", "coordinates": [[[-103.276976, 20.641029], [-103.276765, 20.640761], [-103.276625, 20.640613], [-103.276179, 20.640015], [-103.275974, 20.639711], [-103.274793, 20.637958], [-103.274387, 20.637338], [-103.273944, 20.636651], [-103.273853, 20.636511], [-103.273784, 20.636406], [-103.273621, 20.636181], [-103.273489, 20.635997], [-103.273053, 20.635448], [-103.27293, 20.635318], [-103.272573, 20.634939], [-103.271818, 20.634264], [-103.271612, 20.634079], [-103.27147, 20.633952], [-103.271289, 20.633821], [-103.271108, 20.633691], [-103.27108, 20.63367], [-103.270587, 20.633316], [-103.270492, 20.633261], [-103.269828, 20.632882], [-103.269111, 20.632535], [-103.269049, 20.632512], [-103.268744, 20.632395], [-103.268842, 20.632307], [-103.268978, 20.632184], [-103.26954, 20.632207], [-103.269807, 20.630725], [-103.270213, 20.630816], [-103.271134, 20.631022], [-103.271323, 20.630087], [-103.271475, 20.629336], [-103.272022, 20.629462], [-103.272551, 20.629573], [-103.273053, 20.629678], [-103.273572, 20.629786], [-103.273803, 20.629834], [-103.274072, 20.62989], [-103.274619, 20.630004], [-103.275025, 20.630089], [-103.27565, 20.63022], [-103.27549, 20.630957], [-103.2754, 20.631371], [-103.275311, 20.631785], [-103.275892, 20.632059], [-103.276015, 20.632145], [-103.276737, 20.632648], [-103.277853, 20.632847], [-103.279894, 20.633212], [-103.279752, 20.633678], [-103.279606, 20.634159], [-103.27946, 20.634639], [-103.279342, 20.635028], [-103.279326, 20.635083], [-103.279203, 20.63548], [-103.27899, 20.636171], [-103.278292, 20.637918], [-103.27812, 20.638349], [-103.277992, 20.63867], [-103.277682, 20.639445], [-103.277317, 20.640363], [-103.277295, 20.640407], [-103.276976, 20.641029]]]}}, {"type": "Feature", "id": 2698, "properties": {"section_num": 2698, "name": "Secci\u00f3n 2698", "municipality": "Tonal\u00e1", "municipalityCode": 102, "districtFederal": 7, "districtLocal": 7, "tipo": 2}, "geometry": {"type": "Polygon", "coordinates": [[[-103.26121, 20.637694], [-103.260962, 20.637535], [-103.260865, 20.637482], [-103.260788, 20.636995], [-103.260695, 20.636856], [-103.260555, 20.636799], [-103.260029, 20.636728], [-103.259693, 20.636585], [-103.259507, 20.636203], [-103.25952, 20.635958], [-103.259445, 20.635722], [-103.259388, 20.635501], [-103.259363, 20.63548], [-103.2593, 20.635469], [-103.259274, 20.63543], [-103.259222, 20.635405], [-103.259152, 20.635366], [-103.259787, 20.635134], [-103.259937, 20.635555], [-103.26034, 20.63536], [-103.260691, 20.635105], [-103.261043, 20.634851], [-103.261314, 20.634554], [-103.261568, 20.634198], [-103.262362, 20.634577], [-103.263134, 20.634945], [-103.263651, 20.634533], [-103.263856, 20.634518], [-103.263889, 20.634255], [-103.263978, 20.634183], [-103.263984, 20.633733], [-103.265257, 20.633787], [-103.265958, 20.634065], [-103.266156, 20.634067], [-103.266098, 20.634166], [-103.265821, 20.634581], [-103.265595, 20.634919], [-103.265459, 20.634997], [-103.265262, 20.635107], [-103.265096, 20.635252], [-103.264946, 20.635428], [-103.264912, 20.63553], [-103.264836, 20.635589], [-103.264792, 20.635593], [-103.264748, 20.635597], [-103.26457, 20.635523], [-103.26441, 20.635556], [-103.264327, 20.635597], [-103.263958, 20.635932], [-103.263821, 20.635964], [-103.263568, 20.635969], [-103.263352, 20.636027], [-103.263249, 20.636162], [-103.263237, 20.636433], [-103.263178, 20.636636], [-103.263197, 20.636912], [-103.263131, 20.637176], [-103.262906, 20.637205], [-103.262789, 20.637313], [-103.262637, 20.63765], [-103.262551, 20.637788], [-103.262423, 20.637926], [-103.262359, 20.637985], [-103.262166, 20.638241], [-103.262103, 20.63832], [-103.261855, 20.638726], [-103.261556, 20.638213], [-103.26121, 20.637694]]]}}, {"type": "Feature", "id": 2699, "properties": {"section_num": 2699, "name": "Secci\u00f3n 2699", "municipality": "Tonal\u00e1", "municipalityCode": 102, "districtFederal": 7, "districtLocal": 7, "tipo": 2}, "geometry": {"type": "Polygon", "coordinates": [[[-103.259937, 20.635555], [-103.259787, 20.635134], [-103.259152, 20.635366], [-103.2591, 20.63533], [-103.259012, 20.635239], [-103.258961, 20.63514], [-103.258895, 20.635062], [-103.25886, 20.634936], [-103.258824, 20.634761], [-103.258827, 20.634572], [-103.258837, 20.634348], [-103.258838, 20.634222], [-103.258802, 20.634152], [-103.258721, 20.634074], [-103.258626, 20.633894], [-103.258513, 20.633725], [-103.258424, 20.633647], [-103.25837, 20.633563], [-103.258278, 20.633429], [-103.258221, 20.633236], [-103.258122, 20.633133], [-103.258103, 20.633114], [-103.257997, 20.633003], [-103.258047, 20.632966], [-103.258147, 20.632897], [-103.25826, 20.632805], [-103.258301, 20.632771], [-103.258413, 20.63268], [-103.258536, 20.63256], [-103.258727, 20.632685], [-103.258846, 20.632693], [-103.259426, 20.632685], [-103.260187, 20.63254], [-103.261356, 20.632302], [-103.261105, 20.632778], [-103.261604, 20.633007], [-103.261574, 20.633065], [-103.261406, 20.63339], [-103.261338, 20.63352], [-103.26122, 20.633748], [-103.261102, 20.633976], [-103.261568, 20.634198], [-103.261314, 20.634554], [-103.261043, 20.634851], [-103.260691, 20.635105], [-103.26034, 20.63536], [-103.259937, 20.635555]]]}}, {"type": "Feature", "id": 2700, "properties": {"section_num": 2700, "name": "Secci\u00f3n 2700", "municipality": "Tonal\u00e1", "municipalityCode": 102, "districtFederal": 7, "districtLocal": 7, "tipo": 2}, "geometry": {"type": "Polygon", "coordinates": [[[-103.264674, 20.63184], [-103.264553, 20.632055], [-103.264228, 20.632629], [-103.26399, 20.633047], [-103.26398, 20.6332], [-103.263984, 20.633733], [-103.263978, 20.634183], [-103.263889, 20.634255], [-103.263856, 20.634518], [-103.263651, 20.634533], [-103.263134, 20.634945], [-103.262362, 20.634577], [-103.261568, 20.634198], [-103.261102, 20.633976], [-103.26122, 20.633748], [-103.261338, 20.63352], [-103.261406, 20.63339], [-103.261574, 20.633065], [-103.261604, 20.633007], [-103.261105, 20.632778], [-103.261356, 20.632302], [-103.261645, 20.631695], [-103.261858, 20.631672], [-103.262319, 20.631621], [-103.262812, 20.631566], [-103.262882, 20.631558], [-103.262861, 20.63106], [-103.262832, 20.63038], [-103.26225, 20.630081], [-103.262243, 20.629963], [-103.262214, 20.629474], [-103.262434, 20.629092], [-103.263444, 20.629644], [-103.263759, 20.629816], [-103.263926, 20.629907], [-103.264237, 20.630077], [-103.265858, 20.630963], [-103.265937, 20.631272], [-103.266, 20.63135], [-103.265755, 20.631483], [-103.265459, 20.631559], [-103.265385, 20.631559], [-103.264687, 20.631592], [-103.264674, 20.63184]]]}}, {"type": "Feature", "id": 2701, "properties": {"section_num": 2701, "name": "Secci\u00f3n 2701", "municipality": "Tonal\u00e1", "municipalityCode": 102, "districtFederal": 7, "districtLocal": 7, "tipo": 2}, "geometry": {"type": "Polygon", "coordinates": [[[-103.266367, 20.63404], [-103.266156, 20.634067], [-103.265958, 20.634065], [-103.265257, 20.633787], [-103.263984, 20.633733], [-103.26398, 20.6332], [-103.26399, 20.633047], [-103.264228, 20.632629], [-103.264553, 20.632055], [-103.264674, 20.63184], [-103.264687, 20.631592], [-103.265385, 20.631559], [-103.265459, 20.631559], [-103.265755, 20.631483], [-103.266, 20.63135], [-103.266289, 20.631323], [-103.266347, 20.631269], [-103.266452, 20.631193], [-103.266521, 20.631047], [-103.266918, 20.631337], [-103.266948, 20.631358], [-103.267369, 20.631594], [-103.267503, 20.631683], [-103.267465, 20.63151], [-103.267413, 20.63145], [-103.267397, 20.63143], [-103.26735, 20.63137], [-103.267346, 20.63131], [-103.267315, 20.631255], [-103.26732, 20.631206], [-103.267284, 20.631168], [-103.267247, 20.63113], [-103.267232, 20.631095], [-103.267191, 20.631051], [-103.267212, 20.631025], [-103.267302, 20.630932], [-103.267341, 20.630774], [-103.267368, 20.630719], [-103.267395, 20.630665], [-103.267444, 20.630546], [-103.267536, 20.630545], [-103.267585, 20.630484], [-103.267584, 20.630329], [-103.267407, 20.6302], [-103.267397, 20.630145], [-103.267387, 20.630037], [-103.267356, 20.62983], [-103.267313, 20.629794], [-103.267232, 20.629726], [-103.267032, 20.629367], [-103.266982, 20.629278], [-103.266922, 20.629148], [-103.266776, 20.628982], [-103.266751, 20.628957], [-103.266591, 20.628803], [-103.266424, 20.628598], [-103.266415, 20.628582], [-103.266277, 20.628335], [-103.266208, 20.628095], [-103.266196, 20.628054], [-103.266095, 20.627657], [-103.266077, 20.627583], [-103.265978, 20.627192], [-103.265957, 20.627111], [-103.265869, 20.62669], [-103.265905, 20.626679], [-103.266029, 20.626642], [-103.267715, 20.626142], [-103.267858, 20.626601], [-103.269271, 20.626221], [-103.269492, 20.626162], [-103.269851, 20.626065], [-103.270142, 20.625995], [-103.27025, 20.625969], [-103.27021, 20.626114], [-103.270126, 20.626409], [-103.270123, 20.626588], [-103.270254, 20.626782], [-103.270209, 20.626881], [-103.270204, 20.626942], [-103.270199, 20.627001], [-103.270206, 20.627179], [-103.270172, 20.627359], [-103.270079, 20.627452], [-103.269981, 20.627575], [-103.269809, 20.627668], [-103.269669, 20.627879], [-103.269518, 20.628031], [-103.2695, 20.628148], [-103.269494, 20.628185], [-103.269366, 20.628561], [-103.269313, 20.628687], [-103.269249, 20.628829], [-103.269294, 20.628839], [-103.269622, 20.628908], [-103.270606, 20.629135], [-103.271475, 20.629336], [-103.271323, 20.630087], [-103.271134, 20.631022], [-103.270213, 20.630816], [-103.269807, 20.630725], [-103.26954, 20.632207], [-103.268978, 20.632184], [-103.268842, 20.632307], [-103.268744, 20.632395], [-103.268631, 20.632455], [-103.268158, 20.632682], [-103.267426, 20.633032], [-103.266943, 20.633397], [-103.266367, 20.63404]]]}}, {"type": "Feature", "id": 2702, "properties": {"section_num": 2702, "name": "Secci\u00f3n 2702", "municipality": "Tonal\u00e1", "municipalityCode": 102, "districtFederal": 7, "districtLocal": 7, "tipo": 2}, "geometry": {"type": "Polygon", "coordinates": [[[-103.279894, 20.633212], [-103.277853, 20.632847], [-103.276737, 20.632648], [-103.276015, 20.632145], [-103.275892, 20.632059], [-103.275311, 20.631785], [-103.2754, 20.631371], [-103.27549, 20.630957], [-103.27565, 20.63022], [-103.275752, 20.629726], [-103.275841, 20.629295], [-103.275288, 20.629191], [-103.275384, 20.628719], [-103.275473, 20.628284], [-103.275583, 20.627743], [-103.275706, 20.627139], [-103.276237, 20.627287], [-103.27659, 20.627385], [-103.276835, 20.627454], [-103.27694, 20.627483], [-103.27791, 20.627753], [-103.278759, 20.62799], [-103.278681, 20.628409], [-103.278602, 20.628827], [-103.279963, 20.629056], [-103.280582, 20.62919], [-103.280677, 20.629251], [-103.280813, 20.629338], [-103.280987, 20.629531], [-103.280937, 20.629735], [-103.280888, 20.629939], [-103.280822, 20.630155], [-103.280686, 20.630605], [-103.280538, 20.631089], [-103.280409, 20.631516], [-103.2803, 20.631875], [-103.280278, 20.631946], [-103.280159, 20.632337], [-103.280036, 20.632745], [-103.279932, 20.633085], [-103.279894, 20.633212]]]}}, {"type": "Feature", "id": 2703, "properties": {"section_num": 2703, "name": "Secci\u00f3n 2703", "municipality": "Tonal\u00e1", "municipalityCode": 102, "districtFederal": 7, "districtLocal": 7, "tipo": 2}, "geometry": {"type": "Polygon", "coordinates": [[[-103.27565, 20.63022], [-103.275025, 20.630089], [-103.274619, 20.630004], [-103.274072, 20.62989], [-103.273803, 20.629834], [-103.273572, 20.629786], [-103.273053, 20.629678], [-103.272551, 20.629573], [-103.272022, 20.629462], [-103.271475, 20.629336], [-103.270606, 20.629135], [-103.269622, 20.628908], [-103.269294, 20.628839], [-103.269249, 20.628829], [-103.269313, 20.628687], [-103.269366, 20.628561], [-103.269494, 20.628185], [-103.2695, 20.628148], [-103.269518, 20.628031], [-103.269669, 20.627879], [-103.269809, 20.627668], [-103.269981, 20.627575], [-103.270079, 20.627452], [-103.270172, 20.627359], [-103.270206, 20.627179], [-103.270199, 20.627001], [-103.270204, 20.626942], [-103.270209, 20.626881], [-103.270254, 20.626782], [-103.270123, 20.626588], [-103.270126, 20.626409], [-103.27021, 20.626114], [-103.270248, 20.62613], [-103.270385, 20.626161], [-103.27074, 20.626203], [-103.271422, 20.626282], [-103.271788, 20.626324], [-103.272248, 20.626414], [-103.272337, 20.625797], [-103.272358, 20.625588], [-103.272378, 20.625378], [-103.27238, 20.625294], [-103.272375, 20.625163], [-103.272794, 20.625178], [-103.272749, 20.62541], [-103.272746, 20.6255], [-103.273338, 20.625545], [-103.273374, 20.625546], [-103.274196, 20.625581], [-103.274532, 20.625595], [-103.274583, 20.625597], [-103.275195, 20.625623], [-103.275125, 20.62626], [-103.275046, 20.626986], [-103.275643, 20.627124], [-103.275706, 20.627139], [-103.275583, 20.627743], [-103.275473, 20.628284], [-103.275384, 20.628719], [-103.275288, 20.629191], [-103.275841, 20.629295], [-103.275752, 20.629726], [-103.27565, 20.63022]]]}}, {"type": "Feature", "id": 2704, "properties": {"section_num": 2704, "name": "Secci\u00f3n 2704", "municipality": "Tonal\u00e1", "municipalityCode": 102, "districtFederal": 7, "districtLocal": 7, "tipo": 2}, "geometry": {"type": "Polygon", "coordinates": [[[-103.267032, 20.629367], [-103.267232, 20.629726], [-103.267313, 20.629794], [-103.267356, 20.62983], [-103.267387, 20.630037], [-103.267397, 20.630145], [-103.267407, 20.6302], [-103.267584, 20.630329], [-103.267585, 20.630484], [-103.267536, 20.630545], [-103.267444, 20.630546], [-103.267395, 20.630665], [-103.267368, 20.630719], [-103.267341, 20.630774], [-103.267302, 20.630932], [-103.267212, 20.631025], [-103.267191, 20.631051], [-103.267232, 20.631095], [-103.267247, 20.63113], [-103.267284, 20.631168], [-103.26732, 20.631206], [-103.267315, 20.631255], [-103.267346, 20.63131], [-103.26735, 20.63137], [-103.267397, 20.63143], [-103.267413, 20.63145], [-103.267465, 20.63151], [-103.267503, 20.631683], [-103.267369, 20.631594], [-103.266948, 20.631358], [-103.266918, 20.631337], [-103.266521, 20.631047], [-103.266452, 20.631193], [-103.266347, 20.631269], [-103.266289, 20.631323], [-103.266, 20.63135], [-103.265937, 20.631272], [-103.265858, 20.630963], [-103.264237, 20.630077], [-103.263926, 20.629907], [-103.263759, 20.629816], [-103.263444, 20.629644], [-103.262434, 20.629092], [-103.262198, 20.628928], [-103.262186, 20.62861], [-103.262168, 20.628165], [-103.26215, 20.627707], [-103.262134, 20.627294], [-103.262129, 20.627168], [-103.262111, 20.62684], [-103.262106, 20.626735], [-103.262089, 20.626426], [-103.263605, 20.626357], [-103.263843, 20.626346], [-103.263862, 20.626143], [-103.263943, 20.626113], [-103.264156, 20.626217], [-103.264217, 20.626275], [-103.264278, 20.626332], [-103.26431, 20.626387], [-103.264342, 20.626443], [-103.264574, 20.627198], [-103.26513, 20.627059], [-103.265081, 20.626924], [-103.265869, 20.62669], [-103.265957, 20.627111], [-103.265978, 20.627192], [-103.266077, 20.627583], [-103.266095, 20.627657], [-103.266196, 20.628054], [-103.266208, 20.628095], [-103.266277, 20.628335], [-103.266415, 20.628582], [-103.266424, 20.628598], [-103.266591, 20.628803], [-103.266751, 20.628957], [-103.266776, 20.628982], [-103.266922, 20.629148], [-103.266982, 20.629278], [-103.267032, 20.629367]]]}}, {"type": "Feature", "id": 2705, "properties": {"section_num": 2705, "name": "Secci\u00f3n 2705", "municipality": "Tonal\u00e1", "municipalityCode": 102, "districtFederal": 7, "districtLocal": 7, "tipo": 2}, "geometry": {"type": "Polygon", "coordinates": [[[-103.259782, 20.630733], [-103.260113, 20.6307], [-103.260166, 20.631022], [-103.260229, 20.631109], [-103.260291, 20.631463], [-103.260104, 20.631489], [-103.260242, 20.631972], [-103.260087, 20.632004], [-103.260187, 20.63254], [-103.259426, 20.632685], [-103.258846, 20.632693], [-103.258727, 20.632685], [-103.258536, 20.63256], [-103.258591, 20.632482], [-103.258621, 20.63242], [-103.258656, 20.632319], [-103.258679, 20.632221], [-103.258693, 20.632163], [-103.258707, 20.632106], [-103.258723, 20.631952], [-103.25871, 20.631854], [-103.258703, 20.631799], [-103.258696, 20.631745], [-103.258657, 20.631584], [-103.258566, 20.63139], [-103.258486, 20.631257], [-103.258465, 20.631221], [-103.258377, 20.631066], [-103.258362, 20.631043], [-103.258246, 20.630854], [-103.258114, 20.630642], [-103.25802, 20.63049], [-103.258522, 20.630208], [-103.25884, 20.630037], [-103.259134, 20.629978], [-103.259584, 20.629907], [-103.259687, 20.630334], [-103.259782, 20.630733]]]}}, {"type": "Feature", "id": 2706, "properties": {"section_num": 2706, "name": "Secci\u00f3n 2706", "municipality": "Tonal\u00e1", "municipalityCode": 102, "districtFederal": 7, "districtLocal": 7, "tipo": 2}, "geometry": {"type": "Polygon", "coordinates": [[[-103.260187, 20.63254], [-103.260087, 20.632004], [-103.260242, 20.631972], [-103.260104, 20.631489], [-103.260291, 20.631463], [-103.260229, 20.631109], [-103.260166, 20.631022], [-103.261235, 20.630837], [-103.261187, 20.630571], [-103.260688, 20.63065], [-103.260612, 20.630204], [-103.262243, 20.629963], [-103.26225, 20.630081], [-103.262832, 20.63038], [-103.262861, 20.63106], [-103.262882, 20.631558], [-103.262812, 20.631566], [-103.262319, 20.631621], [-103.261858, 20.631672], [-103.261645, 20.631695], [-103.261356, 20.632302], [-103.260187, 20.63254]]]}}, {"type": "Feature", "id": 2707, "properties": {"section_num": 2707, "name": "Secci\u00f3n 2707", "municipality": "Tonal\u00e1", "municipalityCode": 102, "districtFederal": 7, "districtLocal": 7, "tipo": 2}, "geometry": {"type": "Polygon", "coordinates": [[[-103.259152, 20.635366], [-103.259222, 20.635405], [-103.259274, 20.63543], [-103.2593, 20.635469], [-103.259363, 20.63548], [-103.259388, 20.635501], [-103.259445, 20.635722], [-103.259241, 20.635767], [-103.259073, 20.635815], [-103.258968, 20.635925], [-103.258919, 20.636035], [-103.258683, 20.636188], [-103.258448, 20.636323], [-103.258418, 20.636338], [-103.258328, 20.636355], [-103.258232, 20.636366], [-103.258131, 20.636363], [-103.258027, 20.636359], [-103.257947, 20.636373], [-103.257849, 20.636405], [-103.257712, 20.636446], [-103.257605, 20.636498], [-103.257525, 20.636539], [-103.257485, 20.636559], [-103.257408, 20.636558], [-103.257336, 20.636565], [-103.257256, 20.636597], [-103.257176, 20.636636], [-103.25713, 20.636678], [-103.257082, 20.636725], [-103.257028, 20.636772], [-103.256977, 20.636804], [-103.256921, 20.636861], [-103.256757, 20.63695], [-103.256669, 20.636964], [-103.256566, 20.636973], [-103.25648, 20.636972], [-103.256278, 20.637038], [-103.25615, 20.637082], [-103.256067, 20.637103], [-103.255897, 20.637113], [-103.255811, 20.637134], [-103.255766, 20.637134], [-103.255609, 20.637121], [-103.255431, 20.6371], [-103.255334, 20.637065], [-103.255278, 20.637025], [-103.255229, 20.636998], [-103.255181, 20.636971], [-103.255134, 20.63694], [-103.255021, 20.636914], [-103.254935, 20.636893], [-103.254846, 20.636873], [-103.254747, 20.636887], [-103.2546, 20.636907], [-103.254448, 20.636942], [-103.254341, 20.636988], [-103.254305, 20.637004], [-103.254219, 20.636998], [-103.254197, 20.637007], [-103.254088, 20.637052], [-103.254022, 20.637097], [-103.253995, 20.637144], [-103.253979, 20.637239], [-103.253951, 20.637297], [-103.253924, 20.637341], [-103.253876, 20.637383], [-103.253801, 20.637427], [-103.253765, 20.637452], [-103.253744, 20.637471], [-103.25372, 20.637506], [-103.253696, 20.63754], [-103.253643, 20.637486], [-103.253504, 20.637334], [-103.253176, 20.636885], [-103.252864, 20.636459], [-103.252587, 20.63608], [-103.252356, 20.635764], [-103.25231, 20.635677], [-103.251839, 20.634782], [-103.25149, 20.634363], [-103.251158, 20.633964], [-103.250974, 20.633742], [-103.250705, 20.633419], [-103.250447, 20.63311], [-103.250263, 20.632889], [-103.250218, 20.632745], [-103.251018, 20.632346], [-103.251205, 20.632406], [-103.251331, 20.632653], [-103.251374, 20.632665], [-103.251452, 20.632621], [-103.251464, 20.632582], [-103.252437, 20.632062], [-103.252228, 20.631707], [-103.252037, 20.631382], [-103.251823, 20.631017], [-103.251691, 20.630576], [-103.251719, 20.630072], [-103.251818, 20.629782], [-103.25183, 20.629746], [-103.251723, 20.62971], [-103.250946, 20.628903], [-103.250488, 20.628362], [-103.24991, 20.627856], [-103.249991, 20.627739], [-103.250169, 20.627186], [-103.250221, 20.627119], [-103.250972, 20.626416], [-103.251193, 20.626313], [-103.251567, 20.626261], [-103.251609, 20.626112], [-103.251653, 20.625875], [-103.25167, 20.625693], [-103.251523, 20.625135], [-103.251776, 20.625045], [-103.252047, 20.624935], [-103.25214, 20.624897], [-103.252353, 20.624811], [-103.252591, 20.624714], [-103.252612, 20.624705], [-103.252571, 20.624601], [-103.25234, 20.624019], [-103.252307, 20.623936], [-103.252339, 20.62383], [-103.252473, 20.623386], [-103.252805, 20.623283], [-103.252831, 20.623619], [-103.252887, 20.623914], [-103.252997, 20.624062], [-103.25318, 20.624309], [-103.253376, 20.624682], [-103.253679, 20.624902], [-103.253906, 20.62517], [-103.254119, 20.625368], [-103.254312, 20.625468], [-103.254466, 20.625616], [-103.254576, 20.625772], [-103.254647, 20.62601], [-103.254638, 20.626843], [-103.25493, 20.626869], [-103.255757, 20.626954], [-103.255835, 20.626791], [-103.255981, 20.626484], [-103.255452, 20.626219], [-103.255474, 20.626178], [-103.255519, 20.626098], [-103.255534, 20.626071], [-103.256379, 20.624549], [-103.256956, 20.624633], [-103.257109, 20.624655], [-103.257467, 20.624707], [-103.257441, 20.625001], [-103.257031, 20.625749], [-103.25746, 20.625946], [-103.257141, 20.62651], [-103.257046, 20.6271], [-103.256587, 20.627052], [-103.256459, 20.627038], [-103.256373, 20.627055], [-103.256295, 20.627089], [-103.256194, 20.627154], [-103.256133, 20.627227], [-103.256081, 20.627293], [-103.256039, 20.62738], [-103.256019, 20.62745], [-103.256014, 20.627562], [-103.256032, 20.627646], [-103.256166, 20.627942], [-103.256352, 20.628265], [-103.255904, 20.628517], [-103.255611, 20.628681], [-103.255659, 20.628745], [-103.255736, 20.628847], [-103.255805, 20.628984], [-103.255789, 20.629058], [-103.255804, 20.629089], [-103.255844, 20.62916], [-103.25588, 20.629237], [-103.255902, 20.629276], [-103.255935, 20.6293], [-103.256001, 20.629368], [-103.256023, 20.629417], [-103.25603, 20.629483], [-103.256092, 20.629582], [-103.25618, 20.629656], [-103.256239, 20.629695], [-103.256354, 20.629704], [-103.256506, 20.629744], [-103.256594, 20.629825], [-103.256664, 20.629899], [-103.256737, 20.630036], [-103.256784, 20.630131], [-103.256827, 20.630328], [-103.256849, 20.630364], [-103.256859, 20.630381], [-103.256929, 20.630455], [-103.256947, 20.630535], [-103.256998, 20.63063], [-103.25709, 20.63074], [-103.257181, 20.630867], [-103.257247, 20.630965], [-103.257339, 20.631036], [-103.257419, 20.63117], [-103.257471, 20.63123], [-103.257569, 20.63141], [-103.257645, 20.631589], [-103.257707, 20.631659], [-103.257813, 20.631815], [-103.257813, 20.631867], [-103.257864, 20.631934], [-103.257966, 20.632096], [-103.258025, 20.632202], [-103.258083, 20.632279], [-103.258126, 20.632399], [-103.258132, 20.632553], [-103.25819, 20.632672], [-103.258212, 20.632692], [-103.258301, 20.632771], [-103.25826, 20.632805], [-103.258147, 20.632897], [-103.258047, 20.632966], [-103.257997, 20.633003], [-103.258103, 20.633114], [-103.258122, 20.633133], [-103.258221, 20.633236], [-103.258278, 20.633429], [-103.25837, 20.633563], [-103.258424, 20.633647], [-103.258513, 20.633725], [-103.258626, 20.633894], [-103.258721, 20.634074], [-103.258802, 20.634152], [-103.258838, 20.634222], [-103.258837, 20.634348], [-103.258827, 20.634572], [-103.258824, 20.634761], [-103.25886, 20.634936], [-103.258895, 20.635062], [-103.258961, 20.63514], [-103.259012, 20.635239], [-103.2591, 20.63533], [-103.259152, 20.635366]]]}}, {"type": "Feature", "id": 2708, "properties": {"section_num": 2708, "name": "Secci\u00f3n 2708", "municipality": "Tonal\u00e1", "municipalityCode": 102, "districtFederal": 7, "districtLocal": 7, "tipo": 2}, "geometry": {"type": "Polygon", "coordinates": [[[-103.260166, 20.631022], [-103.260113, 20.6307], [-103.259782, 20.630733], [-103.259687, 20.630334], [-103.259584, 20.629907], [-103.259134, 20.629978], [-103.25884, 20.630037], [-103.258522, 20.630208], [-103.25802, 20.63049], [-103.257861, 20.63022], [-103.257326, 20.629312], [-103.258077, 20.629203], [-103.259116, 20.629048], [-103.259646, 20.628969], [-103.260882, 20.628785], [-103.261098, 20.62834], [-103.260447, 20.628035], [-103.260525, 20.627565], [-103.260628, 20.626953], [-103.261081, 20.627018], [-103.261534, 20.627083], [-103.262129, 20.627168], [-103.262134, 20.627294], [-103.26215, 20.627707], [-103.262168, 20.628165], [-103.262186, 20.62861], [-103.262198, 20.628928], [-103.262434, 20.629092], [-103.262214, 20.629474], [-103.262243, 20.629963], [-103.260612, 20.630204], [-103.260688, 20.63065], [-103.261187, 20.630571], [-103.261235, 20.630837], [-103.260166, 20.631022]]]}}, {"type": "Feature", "id": 2709, "properties": {"section_num": 2709, "name": "Secci\u00f3n 2709", "municipality": "Tonal\u00e1", "municipalityCode": 102, "districtFederal": 7, "districtLocal": 7, "tipo": 2}, "geometry": {"type": "Polygon", "coordinates": [[[-103.283658, 20.636654], [-103.283702, 20.636765], [-103.28368, 20.63707], [-103.283217, 20.639176], [-103.283077, 20.639723], [-103.28223, 20.641223], [-103.281934, 20.641708], [-103.281798, 20.641682], [-103.280883, 20.641433], [-103.280419, 20.641306], [-103.280307, 20.641263], [-103.280281, 20.641301], [-103.280255, 20.641338], [-103.279946, 20.64175], [-103.279635, 20.642168], [-103.279344, 20.642458], [-103.279047, 20.642763], [-103.278285, 20.642201], [-103.277916, 20.641884], [-103.276976, 20.641029], [-103.277295, 20.640407], [-103.277317, 20.640363], [-103.277682, 20.639445], [-103.277992, 20.63867], [-103.27812, 20.638349], [-103.278292, 20.637918], [-103.27899, 20.636171], [-103.279345, 20.636264], [-103.279433, 20.636287], [-103.279762, 20.636373], [-103.280104, 20.636462], [-103.280178, 20.636482], [-103.28052, 20.63648], [-103.280692, 20.636479], [-103.280677, 20.636003], [-103.28083, 20.635993], [-103.280841, 20.635959], [-103.280981, 20.635527], [-103.281423, 20.634169], [-103.281441, 20.634114], [-103.281777, 20.634219], [-103.281927, 20.63373], [-103.282065, 20.633278], [-103.282391, 20.633396], [-103.282405, 20.633353], [-103.282546, 20.632912], [-103.28171, 20.63267], [-103.281815, 20.632259], [-103.281999, 20.632314], [-103.282369, 20.631207], [-103.282377, 20.631182], [-103.282385, 20.631157], [-103.282669, 20.631243], [-103.282826, 20.630775], [-103.282837, 20.630742], [-103.282704, 20.630291], [-103.282688, 20.630235], [-103.282596, 20.629905], [-103.282543, 20.629602], [-103.282512, 20.629156], [-103.282523, 20.628896], [-103.282693, 20.628902], [-103.282845, 20.628909], [-103.283167, 20.628922], [-103.283543, 20.628938], [-103.283919, 20.628953], [-103.284332, 20.62897], [-103.284327, 20.628698], [-103.284335, 20.628629], [-103.284345, 20.628528], [-103.284379, 20.628351], [-103.284469, 20.628091], [-103.284479, 20.628061], [-103.284549, 20.627865], [-103.284668, 20.627666], [-103.284815, 20.627449], [-103.285059, 20.627192], [-103.285119, 20.627134], [-103.284745, 20.626977], [-103.284342, 20.626809], [-103.284005, 20.626667], [-103.283647, 20.626518], [-103.283264, 20.626358], [-103.283462, 20.626037], [-103.282855, 20.625786], [-103.283058, 20.625404], [-103.282017, 20.624981], [-103.281941, 20.62495], [-103.282095, 20.624396], [-103.283265, 20.624904], [-103.284454, 20.625421], [-103.285777, 20.625995], [-103.286582, 20.626344], [-103.286476, 20.626812], [-103.286219, 20.627111], [-103.286157, 20.627173], [-103.286095, 20.627235], [-103.285476, 20.628234], [-103.285385, 20.628462], [-103.285315, 20.628636], [-103.285277, 20.62903], [-103.285289, 20.629238], [-103.285318, 20.629718], [-103.285348, 20.630227], [-103.28537, 20.630583], [-103.28535, 20.630907], [-103.285328, 20.630978], [-103.285279, 20.631137], [-103.285199, 20.631399], [-103.285106, 20.631706], [-103.284994, 20.632093], [-103.284877, 20.632499], [-103.284751, 20.632932], [-103.284723, 20.63303], [-103.28462, 20.633385], [-103.284459, 20.633941], [-103.284359, 20.634288], [-103.284305, 20.634475], [-103.284298, 20.634498], [-103.284289, 20.634528], [-103.284167, 20.634923], [-103.284036, 20.635348], [-103.283909, 20.635786], [-103.283794, 20.636182], [-103.283658, 20.636654]]]}}, {"type": "Feature", "id": 2710, "properties": {"section_num": 2710, "name": "Secci\u00f3n 2710", "municipality": "Tonal\u00e1", "municipalityCode": 102, "districtFederal": 7, "districtLocal": 7, "tipo": 2}, "geometry": {"type": "Polygon", "coordinates": [[[-103.281777, 20.634219], [-103.281441, 20.634114], [-103.281423, 20.634169], [-103.280981, 20.635527], [-103.280841, 20.635959], [-103.28083, 20.635993], [-103.280677, 20.636003], [-103.280692, 20.636479], [-103.28052, 20.63648], [-103.280178, 20.636482], [-103.280104, 20.636462], [-103.279762, 20.636373], [-103.279433, 20.636287], [-103.279345, 20.636264], [-103.27899, 20.636171], [-103.279203, 20.63548], [-103.279326, 20.635083], [-103.279342, 20.635028], [-103.27946, 20.634639], [-103.279606, 20.634159], [-103.279752, 20.633678], [-103.279894, 20.633212], [-103.279932, 20.633085], [-103.280036, 20.632745], [-103.280159, 20.632337], [-103.280278, 20.631946], [-103.2803, 20.631875], [-103.280409, 20.631516], [-103.280538, 20.631089], [-103.280686, 20.630605], [-103.280822, 20.630155], [-103.280888, 20.629939], [-103.280937, 20.629735], [-103.280987, 20.629531], [-103.281044, 20.629288], [-103.281127, 20.628938], [-103.281246, 20.628603], [-103.281337, 20.628344], [-103.281351, 20.628301], [-103.28144, 20.628011], [-103.281446, 20.62796], [-103.281476, 20.627721], [-103.281489, 20.627612], [-103.281602, 20.626728], [-103.281633, 20.626489], [-103.281679, 20.626256], [-103.281705, 20.626127], [-103.281775, 20.62578], [-103.281852, 20.625393], [-103.281858, 20.625365], [-103.281941, 20.62495], [-103.282017, 20.624981], [-103.283058, 20.625404], [-103.282855, 20.625786], [-103.283462, 20.626037], [-103.283264, 20.626358], [-103.283647, 20.626518], [-103.284005, 20.626667], [-103.284342, 20.626809], [-103.284745, 20.626977], [-103.285119, 20.627134], [-103.285059, 20.627192], [-103.284815, 20.627449], [-103.284668, 20.627666], [-103.284549, 20.627865], [-103.284479, 20.628061], [-103.284469, 20.628091], [-103.284379, 20.628351], [-103.284345, 20.628528], [-103.284335, 20.628629], [-103.284327, 20.628698], [-103.284332, 20.62897], [-103.283919, 20.628953], [-103.283543, 20.628938], [-103.283167, 20.628922], [-103.282845, 20.628909], [-103.282693, 20.628902], [-103.282523, 20.628896], [-103.282512, 20.629156], [-103.282543, 20.629602], [-103.282596, 20.629905], [-103.282688, 20.630235], [-103.282704, 20.630291], [-103.282837, 20.630742], [-103.282826, 20.630775], [-103.282669, 20.631243], [-103.282385, 20.631157], [-103.282377, 20.631182], [-103.282369, 20.631207], [-103.281999, 20.632314], [-103.281815, 20.632259], [-103.28171, 20.63267], [-103.282546, 20.632912], [-103.282405, 20.633353], [-103.282391, 20.633396], [-103.282065, 20.633278], [-103.281927, 20.63373], [-103.281777, 20.634219]]]}}, {"type": "Feature", "id": 2714, "properties": {"section_num": 2714, "name": "Secci\u00f3n 2714", "municipality": "Tonal\u00e1", "municipalityCode": 102, "districtFederal": 7, "districtLocal": 7, "tipo": 2}, "geometry": {"type": "Polygon", "coordinates": [[[-103.258301, 20.632771], [-103.258212, 20.632692], [-103.25819, 20.632672], [-103.258132, 20.632553], [-103.258126, 20.632399], [-103.258083, 20.632279], [-103.258025, 20.632202], [-103.257966, 20.632096], [-103.257864, 20.631934], [-103.257813, 20.631867], [-103.257813, 20.631815], [-103.257707, 20.631659], [-103.257645, 20.631589], [-103.257569, 20.63141], [-103.257471, 20.63123], [-103.257419, 20.63117], [-103.257339, 20.631036], [-103.257247, 20.630965], [-103.257181, 20.630867], [-103.25709, 20.63074], [-103.256998, 20.63063], [-103.256947, 20.630535], [-103.256929, 20.630455], [-103.256859, 20.630381], [-103.256849, 20.630364], [-103.256827, 20.630328], [-103.256784, 20.630131], [-103.256737, 20.630036], [-103.256664, 20.629899], [-103.256594, 20.629825], [-103.256506, 20.629744], [-103.256354, 20.629704], [-103.256239, 20.629695], [-103.25618, 20.629656], [-103.256092, 20.629582], [-103.25603, 20.629483], [-103.256023, 20.629417], [-103.256001, 20.629368], [-103.255935, 20.6293], [-103.255902, 20.629276], [-103.25588, 20.629237], [-103.255844, 20.62916], [-103.255804, 20.629089], [-103.255789, 20.629058], [-103.255805, 20.628984], [-103.255736, 20.628847], [-103.255659, 20.628745], [-103.255611, 20.628681], [-103.255904, 20.628517], [-103.256352, 20.628265], [-103.256166, 20.627942], [-103.256032, 20.627646], [-103.256014, 20.627562], [-103.256019, 20.62745], [-103.256039, 20.62738], [-103.256081, 20.627293], [-103.256133, 20.627227], [-103.256194, 20.627154], [-103.256295, 20.627089], [-103.256373, 20.627055], [-103.256459, 20.627038], [-103.256587, 20.627052], [-103.257046, 20.6271], [-103.257141, 20.62651], [-103.25746, 20.625946], [-103.257031, 20.625749], [-103.257441, 20.625001], [-103.257467, 20.624707], [-103.257929, 20.624773], [-103.25839, 20.624838], [-103.258673, 20.624879], [-103.259122, 20.624942], [-103.259572, 20.625006], [-103.260027, 20.625071], [-103.260293, 20.625109], [-103.260432, 20.625129], [-103.260914, 20.625197], [-103.261989, 20.62535], [-103.262035, 20.625842], [-103.262046, 20.62596], [-103.26205, 20.626003], [-103.262072, 20.626243], [-103.262089, 20.626426], [-103.262106, 20.626735], [-103.262111, 20.62684], [-103.262129, 20.627168], [-103.261534, 20.627083], [-103.261081, 20.627018], [-103.260628, 20.626953], [-103.260525, 20.627565], [-103.260447, 20.628035], [-103.261098, 20.62834], [-103.260882, 20.628785], [-103.259646, 20.628969], [-103.259116, 20.629048], [-103.258077, 20.629203], [-103.257326, 20.629312], [-103.257861, 20.63022], [-103.25802, 20.63049], [-103.258114, 20.630642], [-103.258246, 20.630854], [-103.258362, 20.631043], [-103.258377, 20.631066], [-103.258465, 20.631221], [-103.258486, 20.631257], [-103.258566, 20.63139], [-103.258657, 20.631584], [-103.258696, 20.631745], [-103.258703, 20.631799], [-103.25871, 20.631854], [-103.258723, 20.631952], [-103.258707, 20.632106], [-103.258693, 20.632163], [-103.258679, 20.632221], [-103.258656, 20.632319], [-103.258621, 20.63242], [-103.258591, 20.632482], [-103.258536, 20.63256], [-103.258413, 20.63268], [-103.258301, 20.632771]]]}}, {"type": "Feature", "id": 2715, "properties": {"section_num": 2715, "name": "Secci\u00f3n 2715", "municipality": "Tonal\u00e1", "municipalityCode": 102, "districtFederal": 7, "districtLocal": 7, "tipo": 2}, "geometry": {"type": "Polygon", "coordinates": [[[-103.255757, 20.626954], [-103.25493, 20.626869], [-103.254638, 20.626843], [-103.254647, 20.62601], [-103.254576, 20.625772], [-103.254466, 20.625616], [-103.254312, 20.625468], [-103.254119, 20.625368], [-103.253906, 20.62517], [-103.253679, 20.624902], [-103.253376, 20.624682], [-103.25318, 20.624309], [-103.252997, 20.624062], [-103.252887, 20.623914], [-103.252831, 20.623619], [-103.252805, 20.623283], [-103.25278, 20.623093], [-103.252901, 20.622809], [-103.252883, 20.622509], [-103.252974, 20.622384], [-103.253081, 20.62234], [-103.253168, 20.622177], [-103.253203, 20.621896], [-103.253316, 20.621837], [-103.25367, 20.622189], [-103.254024, 20.622541], [-103.254344, 20.622858], [-103.254383, 20.622896], [-103.254652, 20.623163], [-103.254741, 20.623252], [-103.254981, 20.62349], [-103.255102, 20.623609], [-103.255304, 20.62381], [-103.255538, 20.624042], [-103.255637, 20.62414], [-103.255823, 20.624324], [-103.25591, 20.624378], [-103.255951, 20.624398], [-103.256026, 20.624436], [-103.256169, 20.624498], [-103.256379, 20.624549], [-103.255534, 20.626071], [-103.255519, 20.626098], [-103.255474, 20.626178], [-103.255452, 20.626219], [-103.255981, 20.626484], [-103.255835, 20.626791], [-103.255757, 20.626954]]]}}, {"type": "Feature", "id": 2727, "properties": {"section_num": 2727, "name": "Secci\u00f3n 2727", "municipality": "Tonal\u00e1", "municipalityCode": 102, "districtFederal": 7, "districtLocal": 7, "tipo": 2}, "geometry": {"type": "Polygon", "coordinates": [[[-103.234269, 20.667504], [-103.234604, 20.668267], [-103.234842, 20.668784], [-103.233411, 20.668996], [-103.229917, 20.669494], [-103.229194, 20.669617], [-103.228471, 20.669739], [-103.226774, 20.669987], [-103.226119, 20.670081], [-103.225199, 20.670247], [-103.224972, 20.670282], [-103.224567, 20.670325], [-103.223925, 20.670406], [-103.223563, 20.670428], [-103.223115, 20.670395], [-103.222798, 20.670336], [-103.222395, 20.670217], [-103.221964, 20.670054], [-103.221494, 20.669794], [-103.220841, 20.669369], [-103.220692, 20.669271], [-103.220442, 20.669111], [-103.2202, 20.668955], [-103.219961, 20.668802], [-103.219704, 20.668637], [-103.219486, 20.668491], [-103.219212, 20.66831], [-103.218987, 20.668162], [-103.218793, 20.668033], [-103.217696, 20.66732], [-103.216409, 20.666486], [-103.215075, 20.665621], [-103.214934, 20.665526], [-103.214732, 20.665409], [-103.213872, 20.664846], [-103.213567, 20.664655], [-103.212895, 20.664174], [-103.212597, 20.663899], [-103.212322, 20.663583], [-103.212232, 20.66345], [-103.212111, 20.663241], [-103.211978, 20.662989], [-103.211767, 20.662516], [-103.211382, 20.661658], [-103.211422, 20.661587], [-103.213292, 20.661125], [-103.212719, 20.659366], [-103.212793, 20.658858], [-103.212575, 20.658713], [-103.211875, 20.657478], [-103.21284, 20.656886], [-103.213119, 20.657024], [-103.213488, 20.657396], [-103.214651, 20.656466], [-103.214808, 20.656505], [-103.21492, 20.656417], [-103.214994, 20.656327], [-103.215011, 20.656127], [-103.215192, 20.655784], [-103.215267, 20.655362], [-103.215318, 20.655277], [-103.215657, 20.655425], [-103.216089, 20.655475], [-103.216474, 20.655536], [-103.217187, 20.655648], [-103.217531, 20.655695], [-103.218533, 20.655833], [-103.218749, 20.655862], [-103.218947, 20.655883], [-103.219068, 20.655893], [-103.219144, 20.655862], [-103.219193, 20.655783], [-103.219217, 20.655716], [-103.219244, 20.655573], [-103.219294, 20.655538], [-103.219658, 20.65563], [-103.220191, 20.655685], [-103.220528, 20.655739], [-103.220817, 20.655818], [-103.220928, 20.655862], [-103.221569, 20.656103], [-103.222786, 20.656637], [-103.223433, 20.656803], [-103.22371, 20.656832], [-103.224831, 20.656858], [-103.225228, 20.657328], [-103.226191, 20.657375], [-103.226159, 20.656828], [-103.226269, 20.656338], [-103.226391, 20.654981], [-103.226431, 20.654835], [-103.226451, 20.654367], [-103.226456, 20.654239], [-103.226485, 20.653566], [-103.226485, 20.653412], [-103.226488, 20.652476], [-103.226524, 20.651995], [-103.226733, 20.651849], [-103.227047, 20.65191], [-103.228526, 20.652112], [-103.229776, 20.652248], [-103.230125, 20.652286], [-103.232165, 20.652504], [-103.232631, 20.652553], [-103.232651, 20.652556], [-103.234096, 20.652727], [-103.234547, 20.6528], [-103.233408, 20.656417], [-103.233311, 20.656722], [-103.233036, 20.657598], [-103.23248, 20.659361], [-103.23209, 20.660599], [-103.232063, 20.661083], [-103.232041, 20.661746], [-103.23203, 20.662091], [-103.232035, 20.662115], [-103.232117, 20.662523], [-103.232219, 20.662856], [-103.233336, 20.665387], [-103.233673, 20.66615], [-103.233881, 20.666622], [-103.234184, 20.667311], [-103.23425, 20.667461], [-103.234269, 20.667504]]]}}, {"type": "Feature", "id": 3704, "properties": {"section_num": 3704, "name": "Secci\u00f3n 3704", "municipality": "Tonal\u00e1", "municipalityCode": 102, "districtFederal": 7, "districtLocal": 7, "tipo": 2}, "geometry": {"type": "Polygon", "coordinates": [[[-103.270504, 20.646528], [-103.270747, 20.646697], [-103.271888, 20.647211], [-103.272128, 20.647319], [-103.272225, 20.647986], [-103.272242, 20.648073], [-103.27226, 20.64816], [-103.272306, 20.64839], [-103.27233, 20.648519], [-103.272347, 20.64866], [-103.272358, 20.648732], [-103.272343, 20.648829], [-103.272344, 20.648928], [-103.272333, 20.649001], [-103.272324, 20.649063], [-103.272315, 20.649124], [-103.27226, 20.649137], [-103.272251, 20.649179], [-103.272211, 20.649205], [-103.272081, 20.649287], [-103.272026, 20.649382], [-103.271976, 20.649517], [-103.271964, 20.649547], [-103.271847, 20.649799], [-103.271754, 20.649947], [-103.271695, 20.650101], [-103.271609, 20.650237], [-103.271527, 20.650341], [-103.27152, 20.650417], [-103.271472, 20.650477], [-103.271467, 20.650556], [-103.27144, 20.650625], [-103.271392, 20.650688], [-103.271403, 20.650888], [-103.271382, 20.650939], [-103.27131, 20.651033], [-103.271269, 20.651144], [-103.271231, 20.651232], [-103.271159, 20.651295], [-103.271088, 20.651358], [-103.271007, 20.651527], [-103.270957, 20.651728], [-103.270919, 20.652048], [-103.270841, 20.6527], [-103.270766, 20.653032], [-103.270785, 20.653225], [-103.270809, 20.653325], [-103.270833, 20.653425], [-103.27084, 20.6535], [-103.270848, 20.653574], [-103.270855, 20.653649], [-103.270862, 20.653724], [-103.270931, 20.653984], [-103.268905, 20.653594], [-103.268871, 20.653574], [-103.268838, 20.653555], [-103.267755, 20.652933], [-103.266829, 20.652212], [-103.266378, 20.652079], [-103.266026, 20.652055], [-103.265632, 20.652028], [-103.265174, 20.65187], [-103.265068, 20.651826], [-103.265107, 20.651483], [-103.265118, 20.651144], [-103.265117, 20.650687], [-103.265106, 20.649667], [-103.265102, 20.649304], [-103.265098, 20.648941], [-103.265085, 20.648573], [-103.265082, 20.647841], [-103.265574, 20.647877], [-103.266268, 20.647934], [-103.266764, 20.647981], [-103.267202, 20.648021], [-103.267681, 20.648065], [-103.268184, 20.648111], [-103.268266, 20.647821], [-103.26887, 20.647957], [-103.269088, 20.648006], [-103.270073, 20.648228], [-103.270126, 20.648019], [-103.270165, 20.647845], [-103.270254, 20.647452], [-103.270403, 20.646702], [-103.270504, 20.646528]]]}}, {"type": "Feature", "id": 3705, "properties": {"section_num": 3705, "name": "Secci\u00f3n 3705", "municipality": "Tonal\u00e1", "municipalityCode": 102, "districtFederal": 7, "districtLocal": 7, "tipo": 2}, "geometry": {"type": "Polygon", "coordinates": [[[-103.265082, 20.647841], [-103.265085, 20.648573], [-103.265098, 20.648941], [-103.265102, 20.649304], [-103.265106, 20.649667], [-103.265117, 20.650687], [-103.265118, 20.651144], [-103.265107, 20.651483], [-103.265068, 20.651826], [-103.264571, 20.651622], [-103.264254, 20.651491], [-103.263991, 20.651314], [-103.263931, 20.651128], [-103.263295, 20.649806], [-103.263218, 20.649655], [-103.263117, 20.649558], [-103.262581, 20.649306], [-103.262358, 20.649315], [-103.26118, 20.649363], [-103.261212, 20.648448], [-103.261218, 20.64827], [-103.261243, 20.647532], [-103.26184, 20.647566], [-103.262249, 20.647596], [-103.262527, 20.647618], [-103.262967, 20.647656], [-103.263909, 20.647714], [-103.264303, 20.647748], [-103.264688, 20.647813], [-103.265082, 20.647841]]]}}, {"type": "Feature", "id": 3706, "properties": {"section_num": 3706, "name": "Secci\u00f3n 3706", "municipality": "Tonal\u00e1", "municipalityCode": 102, "districtFederal": 7, "districtLocal": 7, "tipo": 2}, "geometry": {"type": "Polygon", "coordinates": [[[-103.269836, 20.64522], [-103.270043, 20.645662], [-103.270277, 20.646159], [-103.270504, 20.646528], [-103.270403, 20.646702], [-103.270254, 20.647452], [-103.270165, 20.647845], [-103.270126, 20.648019], [-103.270073, 20.648228], [-103.269088, 20.648006], [-103.26887, 20.647957], [-103.268266, 20.647821], [-103.268184, 20.648111], [-103.267681, 20.648065], [-103.267202, 20.648021], [-103.266764, 20.647981], [-103.266268, 20.647934], [-103.265574, 20.647877], [-103.265082, 20.647841], [-103.264688, 20.647813], [-103.264303, 20.647748], [-103.263909, 20.647714], [-103.262967, 20.647656], [-103.262527, 20.647618], [-103.262249, 20.647596], [-103.26184, 20.647566], [-103.261243, 20.647532], [-103.261214, 20.64707], [-103.261188, 20.646867], [-103.261079, 20.646303], [-103.261026, 20.646117], [-103.261107, 20.645803], [-103.2613, 20.645059], [-103.261836, 20.645127], [-103.262626, 20.645241], [-103.26391, 20.645236], [-103.264676, 20.645244], [-103.265133, 20.645229], [-103.266887, 20.645253], [-103.26856, 20.645249], [-103.269836, 20.64522]]]}}, {"type": "Feature", "id": 3707, "properties": {"section_num": 3707, "name": "Secci\u00f3n 3707", "municipality": "Tonal\u00e1", "municipalityCode": 102, "districtFederal": 7, "districtLocal": 7, "tipo": 2}, "geometry": {"type": "Polygon", "coordinates": [[[-103.269836, 20.64522], [-103.26856, 20.645249], [-103.266887, 20.645253], [-103.265133, 20.645229], [-103.264676, 20.645244], [-103.26391, 20.645236], [-103.262626, 20.645241], [-103.261836, 20.645127], [-103.2613, 20.645059], [-103.261472, 20.64412], [-103.261536, 20.643771], [-103.260944, 20.643675], [-103.260164, 20.643548], [-103.259171, 20.643386], [-103.258696, 20.643308], [-103.258989, 20.641436], [-103.259457, 20.641692], [-103.25983, 20.641896], [-103.260332, 20.642163], [-103.260543, 20.640572], [-103.261162, 20.640604], [-103.261614, 20.640627], [-103.262111, 20.640653], [-103.262266, 20.639895], [-103.262456, 20.639882], [-103.262555, 20.639926], [-103.262766, 20.640517], [-103.263064, 20.641414], [-103.263017, 20.641975], [-103.263317, 20.642357], [-103.263897, 20.642611], [-103.264354, 20.642754], [-103.264653, 20.643057], [-103.26477, 20.643215], [-103.264839, 20.643468], [-103.264968, 20.643606], [-103.265613, 20.643911], [-103.266173, 20.644275], [-103.266586, 20.644183], [-103.266886, 20.644257], [-103.267325, 20.644584], [-103.26748, 20.644624], [-103.267827, 20.644562], [-103.268098, 20.644566], [-103.2686, 20.644623], [-103.268955, 20.644568], [-103.269196, 20.644656], [-103.26953, 20.644857], [-103.269784, 20.645108], [-103.269836, 20.64522]]]}}, {"type": "Feature", "id": 3708, "properties": {"section_num": 3708, "name": "Secci\u00f3n 3708", "municipality": "Tonal\u00e1", "municipalityCode": 102, "districtFederal": 7, "districtLocal": 7, "tipo": 2}, "geometry": {"type": "Polygon", "coordinates": [[[-103.246311, 20.640413], [-103.244384, 20.639937], [-103.244058, 20.639921], [-103.243936, 20.639629], [-103.243907, 20.639419], [-103.243848, 20.639223], [-103.243913, 20.638473], [-103.243776, 20.638274], [-103.24357, 20.637932], [-103.243395, 20.637813], [-103.243307, 20.637785], [-103.243385, 20.636963], [-103.243483, 20.636257], [-103.243567, 20.635528], [-103.243651, 20.6348], [-103.24373, 20.634119], [-103.243752, 20.633894], [-103.24478, 20.634082], [-103.245418, 20.634266], [-103.246012, 20.634425], [-103.246171, 20.633697], [-103.24619, 20.633593], [-103.246308, 20.632945], [-103.246418, 20.632935], [-103.24653, 20.6329], [-103.246588, 20.632895], [-103.246669, 20.632852], [-103.246999, 20.632609], [-103.247089, 20.632535], [-103.247139, 20.632519], [-103.247249, 20.632388], [-103.247293, 20.63227], [-103.247429, 20.632239], [-103.24767, 20.632283], [-103.247759, 20.632337], [-103.248158, 20.63241], [-103.248274, 20.632339], [-103.248756, 20.632464], [-103.248995, 20.631897], [-103.249072, 20.631838], [-103.249138, 20.631526], [-103.249139, 20.63147], [-103.249618, 20.631772], [-103.249656, 20.631788], [-103.249752, 20.631872], [-103.249814, 20.631973], [-103.249927, 20.632192], [-103.249957, 20.6324], [-103.249981, 20.632524], [-103.250116, 20.632668], [-103.250173, 20.632722], [-103.250218, 20.632745], [-103.250263, 20.632889], [-103.250447, 20.63311], [-103.250705, 20.633419], [-103.250974, 20.633742], [-103.251158, 20.633964], [-103.25149, 20.634363], [-103.251839, 20.634782], [-103.25231, 20.635677], [-103.252356, 20.635764], [-103.252587, 20.63608], [-103.252864, 20.636459], [-103.253176, 20.636885], [-103.253504, 20.637334], [-103.253466, 20.637343], [-103.252144, 20.637603], [-103.252107, 20.637667], [-103.252158, 20.637993], [-103.252231, 20.638105], [-103.251854, 20.6385], [-103.251435, 20.638426], [-103.25131, 20.63837], [-103.251164, 20.638397], [-103.251056, 20.638352], [-103.25088, 20.638359], [-103.250662, 20.638402], [-103.250631, 20.638328], [-103.25057, 20.638181], [-103.250454, 20.638097], [-103.250365, 20.638032], [-103.250327, 20.638009], [-103.250167, 20.637859], [-103.250087, 20.637691], [-103.249906, 20.637374], [-103.249765, 20.637165], [-103.249685, 20.637077], [-103.249419, 20.636788], [-103.249324, 20.636844], [-103.249273, 20.63693], [-103.249199, 20.63701], [-103.249105, 20.637048], [-103.248865, 20.637104], [-103.248611, 20.637724], [-103.248418, 20.638392], [-103.248882, 20.638477], [-103.248732, 20.638899], [-103.248584, 20.638865], [-103.248475, 20.638794], [-103.248309, 20.638656], [-103.24813, 20.63854], [-103.247806, 20.638409], [-103.247614, 20.638219], [-103.247295, 20.638139], [-103.246691, 20.638059], [-103.246157, 20.637956], [-103.2461, 20.637982], [-103.246069, 20.638046], [-103.246041, 20.638369], [-103.246107, 20.638823], [-103.246284, 20.639384], [-103.246662, 20.639583], [-103.246311, 20.640413]]]}}, {"type": "Feature", "id": 3709, "properties": {"section_num": 3709, "name": "Secci\u00f3n 3709", "municipality": "Tonal\u00e1", "municipalityCode": 102, "districtFederal": 7, "districtLocal": 7, "tipo": 2}, "geometry": {"type": "Polygon", "coordinates": [[[-103.247345, 20.629689], [-103.247969, 20.629882], [-103.248408, 20.6301], [-103.248828, 20.6303], [-103.249298, 20.628504], [-103.249642, 20.628616], [-103.24991, 20.627856], [-103.250488, 20.628362], [-103.250946, 20.628903], [-103.251723, 20.62971], [-103.25183, 20.629746], [-103.251818, 20.629782], [-103.251719, 20.630072], [-103.251691, 20.630576], [-103.251823, 20.631017], [-103.252037, 20.631382], [-103.252228, 20.631707], [-103.252437, 20.632062], [-103.251464, 20.632582], [-103.251452, 20.632621], [-103.251374, 20.632665], [-103.251331, 20.632653], [-103.251205, 20.632406], [-103.251018, 20.632346], [-103.250218, 20.632745], [-103.250173, 20.632722], [-103.250116, 20.632668], [-103.249981, 20.632524], [-103.249957, 20.6324], [-103.249927, 20.632192], [-103.249814, 20.631973], [-103.249752, 20.631872], [-103.249656, 20.631788], [-103.249618, 20.631772], [-103.249139, 20.63147], [-103.249138, 20.631526], [-103.249072, 20.631838], [-103.248995, 20.631897], [-103.248756, 20.632464], [-103.248274, 20.632339], [-103.248158, 20.63241], [-103.247759, 20.632337], [-103.24767, 20.632283], [-103.247429, 20.632239], [-103.247293, 20.63227], [-103.247249, 20.632388], [-103.247139, 20.632519], [-103.247089, 20.632535], [-103.247329, 20.631746], [-103.246876, 20.631631], [-103.246998, 20.631161], [-103.24713, 20.630602], [-103.247239, 20.630139], [-103.247345, 20.629689]]]}}, {"type": "Feature", "id": 3710, "properties": {"section_num": 3710, "name": "Secci\u00f3n 3710", "municipality": "Tonal\u00e1", "municipalityCode": 102, "districtFederal": 7, "districtLocal": 7, "tipo": 2}, "geometry": {"type": "Polygon", "coordinates": [[[-103.24991, 20.627856], [-103.249642, 20.628616], [-103.249298, 20.628504], [-103.248828, 20.6303], [-103.248408, 20.6301], [-103.247969, 20.629882], [-103.247345, 20.629689], [-103.246922, 20.629582], [-103.24675, 20.629538], [-103.246579, 20.629495], [-103.246199, 20.629398], [-103.245648, 20.629258], [-103.2451, 20.629119], [-103.245027, 20.629101], [-103.244374, 20.62892], [-103.244808, 20.627081], [-103.245157, 20.625838], [-103.245975, 20.626052], [-103.246323, 20.624936], [-103.247057, 20.625124], [-103.247244, 20.625171], [-103.248419, 20.625472], [-103.249486, 20.625745], [-103.250416, 20.625978], [-103.250612, 20.625997], [-103.250772, 20.62593], [-103.250928, 20.625877], [-103.251062, 20.625898], [-103.251173, 20.626033], [-103.251225, 20.626096], [-103.251567, 20.626261], [-103.251193, 20.626313], [-103.250972, 20.626416], [-103.250221, 20.627119], [-103.250169, 20.627186], [-103.249991, 20.627739], [-103.24991, 20.627856]]]}}, {"type": "Feature", "id": 3711, "properties": {"section_num": 3711, "name": "Secci\u00f3n 3711", "municipality": "Tonal\u00e1", "municipalityCode": 102, "districtFederal": 7, "districtLocal": 7, "tipo": 2}, "geometry": {"type": "Polygon", "coordinates": [[[-103.27659, 20.627385], [-103.276646, 20.627176], [-103.276823, 20.626854], [-103.277009, 20.62667], [-103.276879, 20.626514], [-103.276593, 20.626074], [-103.276578, 20.625784], [-103.276597, 20.62561], [-103.27689, 20.625634], [-103.277, 20.625658], [-103.276971, 20.625469], [-103.277479, 20.625495], [-103.278242, 20.625552], [-103.278601, 20.625579], [-103.278935, 20.625605], [-103.279294, 20.625607], [-103.279443, 20.625615], [-103.279953, 20.625151], [-103.280084, 20.625248], [-103.280177, 20.625314], [-103.280293, 20.625543], [-103.280331, 20.625648], [-103.2804, 20.625837], [-103.28037, 20.625989], [-103.280328, 20.626408], [-103.280311, 20.626578], [-103.280286, 20.626767], [-103.280261, 20.626957], [-103.280208, 20.627356], [-103.280323, 20.62739], [-103.280399, 20.627412], [-103.281103, 20.627624], [-103.281476, 20.627721], [-103.281446, 20.62796], [-103.28144, 20.628011], [-103.281351, 20.628301], [-103.281337, 20.628344], [-103.281246, 20.628603], [-103.281127, 20.628938], [-103.281044, 20.629288], [-103.280987, 20.629531], [-103.280813, 20.629338], [-103.280677, 20.629251], [-103.280582, 20.62919], [-103.279963, 20.629056], [-103.278602, 20.628827], [-103.278681, 20.628409], [-103.278759, 20.62799], [-103.27791, 20.627753], [-103.27694, 20.627483], [-103.276835, 20.627454], [-103.27659, 20.627385]]]}}, {"type": "Feature", "id": 3712, "properties": {"section_num": 3712, "name": "Secci\u00f3n 3712", "municipality": "Tonal\u00e1", "municipalityCode": 102, "districtFederal": 7, "districtLocal": 7, "tipo": 2}, "geometry": {"type": "Polygon", "coordinates": [[[-103.276597, 20.62561], [-103.276496, 20.625602], [-103.275847, 20.625557], [-103.27572, 20.625549], [-103.275717, 20.625452], [-103.275756, 20.625006], [-103.275755, 20.624885], [-103.275755, 20.624819], [-103.275776, 20.624524], [-103.275778, 20.62446], [-103.275803, 20.624177], [-103.275806, 20.624129], [-103.275865, 20.623364], [-103.275664, 20.623376], [-103.275697, 20.623331], [-103.275829, 20.621945], [-103.276, 20.621771], [-103.278139, 20.622692], [-103.279049, 20.623086], [-103.279456, 20.623259], [-103.27981, 20.623411], [-103.280179, 20.62357], [-103.28051, 20.623713], [-103.280867, 20.623866], [-103.281298, 20.624052], [-103.281552, 20.624162], [-103.281869, 20.624299], [-103.282095, 20.624396], [-103.281941, 20.62495], [-103.281858, 20.625365], [-103.281852, 20.625393], [-103.281775, 20.62578], [-103.281705, 20.626127], [-103.281679, 20.626256], [-103.281633, 20.626489], [-103.281602, 20.626728], [-103.281489, 20.627612], [-103.281476, 20.627721], [-103.281103, 20.627624], [-103.280399, 20.627412], [-103.280323, 20.62739], [-103.280208, 20.627356], [-103.280261, 20.626957], [-103.280286, 20.626767], [-103.280311, 20.626578], [-103.280328, 20.626408], [-103.28037, 20.625989], [-103.2804, 20.625837], [-103.280331, 20.625648], [-103.280293, 20.625543], [-103.280177, 20.625314], [-103.280084, 20.625248], [-103.279953, 20.625151], [-103.279443, 20.625615], [-103.279294, 20.625607], [-103.278935, 20.625605], [-103.278601, 20.625579], [-103.278242, 20.625552], [-103.277479, 20.625495], [-103.276971, 20.625469], [-103.277, 20.625658], [-103.27689, 20.625634], [-103.276597, 20.62561]]]}}, {"type": "Feature", "id": 3713, "properties": {"section_num": 3713, "name": "Secci\u00f3n 3713", "municipality": "Tonal\u00e1", "municipalityCode": 102, "districtFederal": 7, "districtLocal": 7, "tipo": 2}, "geometry": {"type": "Polygon", "coordinates": [[[-103.271779, 20.619936], [-103.273355, 20.620623], [-103.2745, 20.621122], [-103.274989, 20.621335], [-103.275387, 20.621507], [-103.275614, 20.621604], [-103.276, 20.621771], [-103.275829, 20.621945], [-103.275697, 20.623331], [-103.275664, 20.623376], [-103.275865, 20.623364], [-103.275806, 20.624129], [-103.275803, 20.624177], [-103.275778, 20.62446], [-103.275776, 20.624524], [-103.275755, 20.624819], [-103.275755, 20.624885], [-103.275756, 20.625006], [-103.275717, 20.625452], [-103.27572, 20.625549], [-103.275847, 20.625557], [-103.276496, 20.625602], [-103.276597, 20.62561], [-103.276578, 20.625784], [-103.276593, 20.626074], [-103.276879, 20.626514], [-103.277009, 20.62667], [-103.276823, 20.626854], [-103.276646, 20.627176], [-103.27659, 20.627385], [-103.276237, 20.627287], [-103.275706, 20.627139], [-103.275643, 20.627124], [-103.275046, 20.626986], [-103.275125, 20.62626], [-103.275195, 20.625623], [-103.274583, 20.625597], [-103.274532, 20.625595], [-103.274196, 20.625581], [-103.273374, 20.625546], [-103.273338, 20.625545], [-103.272746, 20.6255], [-103.272749, 20.62541], [-103.272794, 20.625178], [-103.272375, 20.625163], [-103.27238, 20.625294], [-103.272378, 20.625378], [-103.272358, 20.625588], [-103.272337, 20.625797], [-103.272248, 20.626414], [-103.271788, 20.626324], [-103.271841, 20.625377], [-103.271839, 20.62514], [-103.271805, 20.624886], [-103.271759, 20.624651], [-103.271688, 20.624352], [-103.271592, 20.624082], [-103.271524, 20.623889], [-103.271479, 20.623754], [-103.271381, 20.623453], [-103.2713, 20.623205], [-103.271218, 20.622869], [-103.271155, 20.622529], [-103.271148, 20.62249], [-103.271145, 20.62245], [-103.271134, 20.622301], [-103.271185, 20.621715], [-103.271291, 20.620985], [-103.271302, 20.620847], [-103.271443, 20.620533], [-103.271624, 20.620165], [-103.271779, 20.619936]]]}}, {"type": "Feature", "id": 3714, "properties": {"section_num": 3714, "name": "Secci\u00f3n 3714", "municipality": "Tonal\u00e1", "municipalityCode": 102, "districtFederal": 7, "districtLocal": 7, "tipo": 2}, "geometry": {"type": "Polygon", "coordinates": [[[-103.281298, 20.624052], [-103.280867, 20.623866], [-103.28051, 20.623713], [-103.280179, 20.62357], [-103.27981, 20.623411], [-103.279456, 20.623259], [-103.279049, 20.623086], [-103.278139, 20.622692], [-103.276, 20.621771], [-103.275614, 20.621604], [-103.275387, 20.621507], [-103.274989, 20.621335], [-103.2745, 20.621122], [-103.273355, 20.620623], [-103.271779, 20.619936], [-103.272397, 20.618643], [-103.272622, 20.618403], [-103.273786, 20.617713], [-103.273821, 20.617658], [-103.274038, 20.616946], [-103.274147, 20.616946], [-103.275273, 20.616945], [-103.276059, 20.616886], [-103.276399, 20.616861], [-103.27681, 20.616839], [-103.276882, 20.616835], [-103.277222, 20.616817], [-103.277655, 20.616794], [-103.277827, 20.616785], [-103.27858, 20.61675], [-103.279969, 20.616686], [-103.280497, 20.616662], [-103.281882, 20.616727], [-103.282214, 20.616583], [-103.282623, 20.61655], [-103.282489, 20.617526], [-103.282374, 20.618225], [-103.282227, 20.619106], [-103.282197, 20.619266], [-103.282026, 20.620183], [-103.281867, 20.621033], [-103.281661, 20.622239], [-103.281399, 20.623775], [-103.281298, 20.624052]]]}}, {"type": "Feature", "id": 3715, "properties": {"section_num": 3715, "name": "Secci\u00f3n 3715", "municipality": "Tonal\u00e1", "municipalityCode": 102, "districtFederal": 7, "districtLocal": 7, "tipo": 2}, "geometry": {"type": "Polygon", "coordinates": [[[-103.282214, 20.616583], [-103.281882, 20.616727], [-103.280497, 20.616662], [-103.279969, 20.616686], [-103.27858, 20.61675], [-103.277827, 20.616785], [-103.277655, 20.616794], [-103.277222, 20.616817], [-103.276882, 20.616835], [-103.27681, 20.616839], [-103.276399, 20.616861], [-103.276487, 20.616013], [-103.276539, 20.615511], [-103.276561, 20.615306], [-103.27664, 20.614841], [-103.276934, 20.614848], [-103.276939, 20.614172], [-103.278848, 20.614275], [-103.280236, 20.614349], [-103.280318, 20.613631], [-103.281367, 20.613386], [-103.281538, 20.613347], [-103.281747, 20.613298], [-103.282582, 20.613058], [-103.282993, 20.613029], [-103.284171, 20.614806], [-103.284419, 20.615677], [-103.28434, 20.615756], [-103.28411, 20.615998], [-103.284003, 20.616089], [-103.283922, 20.616143], [-103.283808, 20.616209], [-103.283684, 20.616265], [-103.283563, 20.616306], [-103.283436, 20.616335], [-103.283182, 20.616374], [-103.282895, 20.616387], [-103.282616, 20.616374], [-103.282216, 20.616355], [-103.282174, 20.616364], [-103.282141, 20.616385], [-103.282122, 20.616422], [-103.282118, 20.616468], [-103.282129, 20.616534], [-103.282149, 20.616564], [-103.282214, 20.616583]]]}}, {"type": "Feature", "id": 3800, "properties": {"section_num": 3800, "name": "Secci\u00f3n 3800", "municipality": "Tonal\u00e1", "municipalityCode": 102, "districtFederal": 7, "districtLocal": 7, "tipo": 2}, "geometry": {"type": "Polygon", "coordinates": [[[-103.226173, 20.679804], [-103.226138, 20.679748], [-103.225928, 20.679609], [-103.225686, 20.679403], [-103.225381, 20.679058], [-103.225046, 20.678679], [-103.226288, 20.67878], [-103.226299, 20.678715], [-103.22629, 20.67846], [-103.226296, 20.678383], [-103.227082, 20.678459], [-103.227142, 20.678149], [-103.227157, 20.67813], [-103.227388, 20.678157], [-103.22746, 20.678165], [-103.228201, 20.678242], [-103.228321, 20.678111], [-103.228408, 20.678016], [-103.228773, 20.67793], [-103.2288, 20.677958], [-103.22881, 20.67801], [-103.229009, 20.678275], [-103.229032, 20.678293], [-103.229056, 20.678313], [-103.229266, 20.678599], [-103.229282, 20.678632], [-103.229383, 20.678541], [-103.229429, 20.678556], [-103.229791, 20.678693], [-103.22989, 20.678549], [-103.230203, 20.678714], [-103.230411, 20.678777], [-103.230796, 20.678847], [-103.231096, 20.67876], [-103.231312, 20.678748], [-103.231828, 20.678736], [-103.232282, 20.678712], [-103.233935, 20.678695], [-103.233955, 20.678788], [-103.234136, 20.679986], [-103.234181, 20.679969], [-103.234448, 20.679973], [-103.234971, 20.679971], [-103.235186, 20.679993], [-103.23539, 20.680004], [-103.235352, 20.679746], [-103.236204, 20.679754], [-103.236202, 20.680106], [-103.236199, 20.680523], [-103.236618, 20.680514], [-103.23659, 20.679556], [-103.236992, 20.679544], [-103.237362, 20.679539], [-103.237773, 20.679539], [-103.237771, 20.679462], [-103.239575, 20.67937], [-103.239785, 20.679201], [-103.240165, 20.678679], [-103.240261, 20.678688], [-103.240376, 20.678618], [-103.240457, 20.678362], [-103.240349, 20.678051], [-103.240835, 20.678522], [-103.241753, 20.679413], [-103.242047, 20.679698], [-103.242242, 20.679898], [-103.242438, 20.6801], [-103.242923, 20.680601], [-103.243872, 20.68158], [-103.244511, 20.682241], [-103.245576, 20.683399], [-103.245435, 20.684031], [-103.245378, 20.68425], [-103.245127, 20.684707], [-103.245038, 20.685712], [-103.245063, 20.687045], [-103.245068, 20.687352], [-103.245074, 20.687642], [-103.245085, 20.68818], [-103.24509, 20.688408], [-103.243585, 20.688426], [-103.242623, 20.68847], [-103.24261, 20.688053], [-103.242601, 20.687655], [-103.242572, 20.687251], [-103.242556, 20.686843], [-103.242553, 20.686589], [-103.241572, 20.687336], [-103.241481, 20.687408], [-103.23849, 20.689592], [-103.238232, 20.689252], [-103.237766, 20.688692], [-103.23757, 20.688485], [-103.23731, 20.688152], [-103.237181, 20.687945], [-103.237022, 20.687653], [-103.236736, 20.686998], [-103.236685, 20.686884], [-103.236037, 20.686913], [-103.235562, 20.686929], [-103.23554, 20.686981], [-103.235457, 20.687473], [-103.235385, 20.687816], [-103.234841, 20.687765], [-103.234789, 20.687738], [-103.234762, 20.687628], [-103.234747, 20.687481], [-103.234769, 20.687299], [-103.23478, 20.687064], [-103.234822, 20.686831], [-103.234833, 20.686651], [-103.234782, 20.686479], [-103.234712, 20.686364], [-103.234595, 20.686258], [-103.233759, 20.685644], [-103.233297, 20.685325], [-103.23314, 20.685279], [-103.232949, 20.685274], [-103.232703, 20.685298], [-103.232527, 20.685278], [-103.232345, 20.685221], [-103.232165, 20.68513], [-103.232022, 20.685018], [-103.231869, 20.68485], [-103.231734, 20.684657], [-103.231173, 20.683551], [-103.23063, 20.682485], [-103.230456, 20.682109], [-103.230328, 20.681816], [-103.230248, 20.681669], [-103.230081, 20.681437], [-103.229852, 20.681163], [-103.228937, 20.680127], [-103.228825, 20.680011], [-103.228654, 20.6799], [-103.228434, 20.679825], [-103.228167, 20.679794], [-103.227887, 20.679815], [-103.227053, 20.680014], [-103.226803, 20.67999], [-103.226619, 20.679953], [-103.226173, 20.679804]]]}}, {"type": "Feature", "id": 3801, "properties": {"section_num": 3801, "name": "Secci\u00f3n 3801", "municipality": "Tonal\u00e1", "municipalityCode": 102, "districtFederal": 7, "districtLocal": 7, "tipo": 2}, "geometry": {"type": "Polygon", "coordinates": [[[-103.245576, 20.683399], [-103.244511, 20.682241], [-103.243872, 20.68158], [-103.242923, 20.680601], [-103.242438, 20.6801], [-103.242242, 20.679898], [-103.242047, 20.679698], [-103.241753, 20.679413], [-103.240835, 20.678522], [-103.240349, 20.678051], [-103.239786, 20.677453], [-103.239678, 20.677337], [-103.238362, 20.67592], [-103.2404, 20.675924], [-103.241168, 20.675866], [-103.242024, 20.675811], [-103.24298, 20.675791], [-103.243485, 20.675831], [-103.243776, 20.675881], [-103.244423, 20.675893], [-103.244434, 20.676308], [-103.245218, 20.676287], [-103.245211, 20.676387], [-103.245505, 20.676504], [-103.24623, 20.6769], [-103.246511, 20.676682], [-103.246749, 20.677271], [-103.247474, 20.677094], [-103.247585, 20.677456], [-103.247564, 20.677596], [-103.24751, 20.677759], [-103.24748, 20.677935], [-103.248018, 20.677901], [-103.248482, 20.677855], [-103.248781, 20.677836], [-103.249092, 20.677779], [-103.249219, 20.677749], [-103.249661, 20.677647], [-103.249788, 20.677618], [-103.249881, 20.677639], [-103.249953, 20.677919], [-103.250294, 20.67781], [-103.250459, 20.678431], [-103.250455, 20.678483], [-103.250189, 20.678586], [-103.249736, 20.678832], [-103.24925, 20.679081], [-103.249069, 20.679147], [-103.248246, 20.679364], [-103.247907, 20.679434], [-103.247769, 20.67943], [-103.24733, 20.679375], [-103.247129, 20.679337], [-103.246948, 20.679828], [-103.246966, 20.680131], [-103.246996, 20.680247], [-103.247196, 20.68044], [-103.247237, 20.680794], [-103.247203, 20.681543], [-103.247175, 20.681615], [-103.247154, 20.682456], [-103.24715, 20.682738], [-103.245654, 20.682823], [-103.245608, 20.683146], [-103.245576, 20.683399]]]}}, {"type": "Feature", "id": 3802, "properties": {"section_num": 3802, "name": "Secci\u00f3n 3802", "municipality": "Tonal\u00e1", "municipalityCode": 102, "districtFederal": 7, "districtLocal": 7, "tipo": 2}, "geometry": {"type": "Polygon", "coordinates": [[[-103.223115, 20.670395], [-103.223563, 20.670428], [-103.223925, 20.670406], [-103.224567, 20.670325], [-103.224972, 20.670282], [-103.225199, 20.670247], [-103.226119, 20.670081], [-103.226774, 20.669987], [-103.228471, 20.669739], [-103.229194, 20.669617], [-103.229917, 20.669494], [-103.233411, 20.668996], [-103.234842, 20.668784], [-103.234909, 20.668932], [-103.236239, 20.671805], [-103.236977, 20.673428], [-103.237297, 20.674132], [-103.237602, 20.674806], [-103.238362, 20.67592], [-103.239678, 20.677337], [-103.239786, 20.677453], [-103.240349, 20.678051], [-103.240457, 20.678362], [-103.240376, 20.678618], [-103.240261, 20.678688], [-103.240165, 20.678679], [-103.239785, 20.679201], [-103.239575, 20.67937], [-103.237771, 20.679462], [-103.237773, 20.679539], [-103.237362, 20.679539], [-103.236992, 20.679544], [-103.23659, 20.679556], [-103.236618, 20.680514], [-103.236199, 20.680523], [-103.236202, 20.680106], [-103.236204, 20.679754], [-103.235352, 20.679746], [-103.23539, 20.680004], [-103.235186, 20.679993], [-103.234971, 20.679971], [-103.234448, 20.679973], [-103.234181, 20.679969], [-103.234136, 20.679986], [-103.233955, 20.678788], [-103.233935, 20.678695], [-103.232282, 20.678712], [-103.231828, 20.678736], [-103.231312, 20.678748], [-103.231096, 20.67876], [-103.230796, 20.678847], [-103.230411, 20.678777], [-103.230203, 20.678714], [-103.22989, 20.678549], [-103.229791, 20.678693], [-103.229429, 20.678556], [-103.229383, 20.678541], [-103.229282, 20.678632], [-103.229266, 20.678599], [-103.229056, 20.678313], [-103.229032, 20.678293], [-103.229009, 20.678275], [-103.22881, 20.67801], [-103.2288, 20.677958], [-103.228773, 20.67793], [-103.228408, 20.678016], [-103.228321, 20.678111], [-103.228201, 20.678242], [-103.22746, 20.678165], [-103.227388, 20.678157], [-103.227157, 20.67813], [-103.227142, 20.678149], [-103.227082, 20.678459], [-103.226296, 20.678383], [-103.22629, 20.67846], [-103.226299, 20.678715], [-103.226288, 20.67878], [-103.225046, 20.678679], [-103.225381, 20.679058], [-103.225686, 20.679403], [-103.225928, 20.679609], [-103.226138, 20.679748], [-103.226173, 20.679804], [-103.225717, 20.679683], [-103.225487, 20.679651], [-103.225246, 20.679653], [-103.225048, 20.679677], [-103.224779, 20.679747], [-103.224549, 20.679838], [-103.224343, 20.679946], [-103.224195, 20.680038], [-103.22405, 20.680165], [-103.22357, 20.680629], [-103.223133, 20.681022], [-103.222789, 20.681243], [-103.221493, 20.681832], [-103.221462, 20.681508], [-103.221297, 20.679467], [-103.221277, 20.67895], [-103.221308, 20.678354], [-103.221409, 20.677922], [-103.221451, 20.677716], [-103.221085, 20.67748], [-103.219518, 20.676926], [-103.219581, 20.676879], [-103.219655, 20.676862], [-103.219819, 20.676852], [-103.219922, 20.67682], [-103.220043, 20.676768], [-103.220211, 20.676671], [-103.220352, 20.676565], [-103.220425, 20.676494], [-103.220443, 20.676431], [-103.220414, 20.676373], [-103.220085, 20.676131], [-103.219851, 20.675917], [-103.219086, 20.675149], [-103.218926, 20.674964], [-103.218798, 20.674864], [-103.218527, 20.67468], [-103.218459, 20.674601], [-103.21838, 20.674463], [-103.218344, 20.674319], [-103.218347, 20.674223], [-103.218382, 20.674138], [-103.218443, 20.674072], [-103.218554, 20.67401], [-103.218677, 20.673969], [-103.218883, 20.673916], [-103.219008, 20.673865], [-103.219208, 20.673728], [-103.219395, 20.673565], [-103.220252, 20.673135], [-103.220587, 20.672948], [-103.220743, 20.672856], [-103.220879, 20.672766], [-103.220994, 20.672662], [-103.221079, 20.672604], [-103.221162, 20.672594], [-103.221261, 20.672387], [-103.22106, 20.672367], [-103.220629, 20.672405], [-103.220192, 20.672452], [-103.219602, 20.672625], [-103.219756, 20.672077], [-103.218111, 20.671828], [-103.216996, 20.670874], [-103.216522, 20.67017], [-103.216575, 20.669997], [-103.216471, 20.669899], [-103.216342, 20.669824], [-103.216304, 20.669758], [-103.215886, 20.669823], [-103.215303, 20.669988], [-103.215449, 20.669345], [-103.21548, 20.669275], [-103.215545, 20.669175], [-103.215367, 20.669139], [-103.215293, 20.669084], [-103.215232, 20.668985], [-103.214323, 20.668941], [-103.214387, 20.668702], [-103.214415, 20.668308], [-103.214434, 20.668034], [-103.21507, 20.668065], [-103.215793, 20.668103], [-103.215973, 20.668115], [-103.216234, 20.668134], [-103.216653, 20.668219], [-103.217019, 20.668417], [-103.217373, 20.668623], [-103.217719, 20.668851], [-103.218037, 20.66906], [-103.218234, 20.669186], [-103.218274, 20.669143], [-103.218561, 20.668753], [-103.21859, 20.668709], [-103.218852, 20.668355], [-103.218987, 20.668162], [-103.219212, 20.66831], [-103.219486, 20.668491], [-103.219704, 20.668637], [-103.219961, 20.668802], [-103.2202, 20.668955], [-103.220442, 20.669111], [-103.220692, 20.669271], [-103.220841, 20.669369], [-103.221494, 20.669794], [-103.221964, 20.670054], [-103.222395, 20.670217], [-103.222798, 20.670336], [-103.223115, 20.670395]]]}}, {"type": "Feature", "id": 3803, "properties": {"section_num": 3803, "name": "Secci\u00f3n 3803", "municipality": "Tonal\u00e1", "municipalityCode": 102, "districtFederal": 7, "districtLocal": 7, "tipo": 2}, "geometry": {"type": "Polygon", "coordinates": [[[-103.248482, 20.677855], [-103.248018, 20.677901], [-103.24748, 20.677935], [-103.24751, 20.677759], [-103.247564, 20.677596], [-103.247585, 20.677456], [-103.247474, 20.677094], [-103.246749, 20.677271], [-103.246511, 20.676682], [-103.24623, 20.6769], [-103.245505, 20.676504], [-103.245211, 20.676387], [-103.245218, 20.676287], [-103.244434, 20.676308], [-103.244423, 20.675893], [-103.244391, 20.675097], [-103.244392, 20.674707], [-103.245104, 20.674594], [-103.245047, 20.673797], [-103.245087, 20.672588], [-103.245077, 20.672274], [-103.244972, 20.671512], [-103.244854, 20.670868], [-103.244827, 20.670534], [-103.24482, 20.670183], [-103.244825, 20.669666], [-103.244838, 20.669537], [-103.244837, 20.669341], [-103.244833, 20.66876], [-103.244876, 20.667435], [-103.244888, 20.667294], [-103.244986, 20.665909], [-103.245088, 20.665904], [-103.246139, 20.665859], [-103.24747, 20.665939], [-103.25004, 20.666097], [-103.250904, 20.666151], [-103.250979, 20.666156], [-103.251903, 20.666215], [-103.25233, 20.666243], [-103.252243, 20.666854], [-103.25218, 20.667303], [-103.252181, 20.667475], [-103.25191, 20.667453], [-103.251889, 20.667496], [-103.251835, 20.667601], [-103.251594, 20.668002], [-103.251533, 20.668112], [-103.251303, 20.668507], [-103.251359, 20.668591], [-103.251416, 20.669035], [-103.251455, 20.669522], [-103.251518, 20.670019], [-103.251628, 20.671024], [-103.251679, 20.67149], [-103.251727, 20.671941], [-103.251777, 20.672397], [-103.251889, 20.673386], [-103.251402, 20.673424], [-103.250938, 20.673488], [-103.250514, 20.673852], [-103.250398, 20.673959], [-103.250083, 20.67407], [-103.250022, 20.673994], [-103.249774, 20.674048], [-103.249653, 20.674184], [-103.249532, 20.674288], [-103.248873, 20.674505], [-103.248937, 20.674686], [-103.248951, 20.674738], [-103.249071, 20.674969], [-103.249302, 20.675385], [-103.248304, 20.675472], [-103.248334, 20.675903], [-103.248372, 20.676402], [-103.248482, 20.677855]]]}}, {"type": "Feature", "id": 3804, "properties": {"section_num": 3804, "name": "Secci\u00f3n 3804", "municipality": "Tonal\u00e1", "municipalityCode": 102, "districtFederal": 7, "districtLocal": 7, "tipo": 2}, "geometry": {"type": "Polygon", "coordinates": [[[-103.244972, 20.671512], [-103.245077, 20.672274], [-103.245087, 20.672588], [-103.245047, 20.673797], [-103.245104, 20.674594], [-103.244392, 20.674707], [-103.244391, 20.675097], [-103.244423, 20.675893], [-103.243776, 20.675881], [-103.243485, 20.675831], [-103.24298, 20.675791], [-103.242024, 20.675811], [-103.241168, 20.675866], [-103.2404, 20.675924], [-103.238362, 20.67592], [-103.237602, 20.674806], [-103.237297, 20.674132], [-103.236977, 20.673428], [-103.236239, 20.671805], [-103.236471, 20.67177], [-103.23782, 20.671671], [-103.238342, 20.671642], [-103.239334, 20.671588], [-103.239779, 20.671563], [-103.241161, 20.671635], [-103.241604, 20.671698], [-103.241993, 20.671729], [-103.242517, 20.671743], [-103.242525, 20.671507], [-103.24292, 20.671521], [-103.243053, 20.671513], [-103.243369, 20.671503], [-103.2438, 20.671547], [-103.244281, 20.671531], [-103.244972, 20.671512]]]}}, {"type": "Feature", "id": 3805, "properties": {"section_num": 3805, "name": "Secci\u00f3n 3805", "municipality": "Tonal\u00e1", "municipalityCode": 102, "districtFederal": 7, "districtLocal": 7, "tipo": 2}, "geometry": {"type": "Polygon", "coordinates": [[[-103.236239, 20.671805], [-103.234909, 20.668932], [-103.234842, 20.668784], [-103.234604, 20.668267], [-103.235088, 20.66828], [-103.236387, 20.668322], [-103.236604, 20.668329], [-103.236894, 20.668181], [-103.237086, 20.668087], [-103.237411, 20.667899], [-103.237583, 20.667808], [-103.237918, 20.667614], [-103.23805, 20.66755], [-103.238542, 20.667302], [-103.238719, 20.667209], [-103.238864, 20.667137], [-103.239166, 20.666972], [-103.239962, 20.666585], [-103.240629, 20.666339], [-103.241127, 20.666187], [-103.241239, 20.666182], [-103.241917, 20.665894], [-103.242519, 20.665868], [-103.243559, 20.665884], [-103.244478, 20.665884], [-103.244986, 20.665909], [-103.244888, 20.667294], [-103.244876, 20.667435], [-103.244833, 20.66876], [-103.244837, 20.669341], [-103.244838, 20.669537], [-103.244825, 20.669666], [-103.24482, 20.670183], [-103.244827, 20.670534], [-103.244854, 20.670868], [-103.244972, 20.671512], [-103.244281, 20.671531], [-103.2438, 20.671547], [-103.243369, 20.671503], [-103.243053, 20.671513], [-103.24292, 20.671521], [-103.242525, 20.671507], [-103.242517, 20.671743], [-103.241993, 20.671729], [-103.241604, 20.671698], [-103.241161, 20.671635], [-103.239779, 20.671563], [-103.239334, 20.671588], [-103.238342, 20.671642], [-103.23782, 20.671671], [-103.236471, 20.67177], [-103.236239, 20.671805]]]}}, {"type": "Feature", "id": 3806, "properties": {"section_num": 3806, "name": "Secci\u00f3n 3806", "municipality": "Tonal\u00e1", "municipalityCode": 102, "districtFederal": 7, "districtLocal": 7, "tipo": 2}, "geometry": {"type": "Polygon", "coordinates": [[[-103.218987, 20.668162], [-103.218852, 20.668355], [-103.21859, 20.668709], [-103.218561, 20.668753], [-103.218274, 20.669143], [-103.218234, 20.669186], [-103.218037, 20.66906], [-103.217719, 20.668851], [-103.217373, 20.668623], [-103.217019, 20.668417], [-103.216653, 20.668219], [-103.216234, 20.668134], [-103.215973, 20.668115], [-103.215793, 20.668103], [-103.21507, 20.668065], [-103.214434, 20.668034], [-103.214415, 20.668308], [-103.214387, 20.668702], [-103.214323, 20.668941], [-103.21329, 20.668877], [-103.212922, 20.668798], [-103.211677, 20.668351], [-103.211565, 20.668378], [-103.211326, 20.66832], [-103.211005, 20.668286], [-103.210633, 20.668289], [-103.210093, 20.66836], [-103.209889, 20.668364], [-103.209625, 20.668344], [-103.209364, 20.668285], [-103.209233, 20.668244], [-103.209001, 20.668137], [-103.208851, 20.668044], [-103.208444, 20.667717], [-103.208179, 20.667424], [-103.208022, 20.6673], [-103.207645, 20.666994], [-103.207611, 20.666938], [-103.207835, 20.666865], [-103.208293, 20.666799], [-103.208997, 20.66666], [-103.209299, 20.666582], [-103.209335, 20.666428], [-103.209377, 20.666236], [-103.20867, 20.665695], [-103.208308, 20.665451], [-103.208596, 20.664875], [-103.208855, 20.664694], [-103.209207, 20.66451], [-103.209325, 20.66433], [-103.209633, 20.663781], [-103.209571, 20.663585], [-103.209533, 20.663355], [-103.209543, 20.663115], [-103.209682, 20.662403], [-103.209748, 20.661884], [-103.209712, 20.661551], [-103.209666, 20.661358], [-103.209578, 20.661195], [-103.209489, 20.661068], [-103.209385, 20.660975], [-103.209239, 20.66088], [-103.209167, 20.660864], [-103.209113, 20.660777], [-103.209016, 20.660502], [-103.208998, 20.660449], [-103.208979, 20.660397], [-103.209809, 20.660309], [-103.210269, 20.66031], [-103.210598, 20.660411], [-103.210844, 20.660569], [-103.211076, 20.660813], [-103.211422, 20.661587], [-103.211382, 20.661658], [-103.211767, 20.662516], [-103.211978, 20.662989], [-103.212111, 20.663241], [-103.212232, 20.66345], [-103.212322, 20.663583], [-103.212597, 20.663899], [-103.212895, 20.664174], [-103.213567, 20.664655], [-103.213872, 20.664846], [-103.214732, 20.665409], [-103.214934, 20.665526], [-103.215075, 20.665621], [-103.216409, 20.666486], [-103.217696, 20.66732], [-103.218793, 20.668033], [-103.218987, 20.668162]]]}}, {"type": "Feature", "id": 3861, "properties": {"section_num": 3861, "name": "Secci\u00f3n 3861", "municipality": "Tonal\u00e1", "municipalityCode": 102, "districtFederal": 7, "districtLocal": 7, "tipo": 2}, "geometry": {"type": "Polygon", "coordinates": [[[-103.183644, 20.656758], [-103.183866, 20.656697], [-103.184034, 20.656676], [-103.184135, 20.656686], [-103.184241, 20.656752], [-103.184294, 20.656809], [-103.184314, 20.656856], [-103.184333, 20.656939], [-103.18434, 20.657011], [-103.18437, 20.657078], [-103.184433, 20.657129], [-103.18451, 20.657166], [-103.184596, 20.657175], [-103.184675, 20.657168], [-103.184764, 20.657142], [-103.184838, 20.657088], [-103.184862, 20.657082], [-103.184883, 20.657082], [-103.184909, 20.657075], [-103.184944, 20.657062], [-103.184963, 20.657075], [-103.185009, 20.657047], [-103.185038, 20.657031], [-103.185035, 20.657004], [-103.185026, 20.656981], [-103.185003, 20.656947], [-103.18501, 20.656925], [-103.18503, 20.6569], [-103.185067, 20.656874], [-103.185123, 20.656841], [-103.185149, 20.656812], [-103.185162, 20.656778], [-103.185169, 20.656723], [-103.185174, 20.656687], [-103.185197, 20.656638], [-103.18523, 20.656584], [-103.185277, 20.656535], [-103.185325, 20.6565], [-103.185374, 20.656491], [-103.185416, 20.656493], [-103.185454, 20.656513], [-103.18549, 20.656542], [-103.185518, 20.656592], [-103.185536, 20.65664], [-103.185543, 20.656699], [-103.185539, 20.656781], [-103.185545, 20.656823], [-103.185527, 20.65685], [-103.185515, 20.656884], [-103.185577, 20.656937], [-103.185659, 20.656967], [-103.185717, 20.656955], [-103.185781, 20.656961], [-103.18584, 20.65698], [-103.185949, 20.656972], [-103.186011, 20.656969], [-103.186069, 20.656976], [-103.186187, 20.657001], [-103.186273, 20.656989], [-103.186368, 20.657009], [-103.186461, 20.656992], [-103.186563, 20.656977], [-103.186657, 20.656938], [-103.186768, 20.6569], [-103.186899, 20.656848], [-103.186946, 20.656805], [-103.186947, 20.656743], [-103.186925, 20.656682], [-103.186932, 20.656636], [-103.186975, 20.656588], [-103.18702, 20.656546], [-103.187047, 20.656509], [-103.187096, 20.656502], [-103.187151, 20.656516], [-103.187233, 20.656552], [-103.187322, 20.65661], [-103.187416, 20.65667], [-103.187527, 20.656737], [-103.187698, 20.656811], [-103.187839, 20.656889], [-103.187888, 20.656935], [-103.187992, 20.657018], [-103.188005, 20.657059], [-103.188037, 20.657111], [-103.18807, 20.65716], [-103.1881, 20.657204], [-103.188121, 20.657229], [-103.188154, 20.657241], [-103.188173, 20.657236], [-103.188208, 20.657245], [-103.188216, 20.657277], [-103.188233, 20.657294], [-103.188259, 20.657291], [-103.188287, 20.65729], [-103.188303, 20.657311], [-103.18834, 20.657335], [-103.188365, 20.657341], [-103.188429, 20.65736], [-103.188474, 20.657377], [-103.188511, 20.657415], [-103.188543, 20.657487], [-103.188577, 20.657548], [-103.188578, 20.657575], [-103.188582, 20.657604], [-103.188594, 20.657624], [-103.188628, 20.657617], [-103.188709, 20.657619], [-103.188799, 20.657602], [-103.188983, 20.657537], [-103.189013, 20.657537], [-103.18908, 20.657552], [-103.189154, 20.657531], [-103.189243, 20.657527], [-103.189321, 20.657537], [-103.189351, 20.657543], [-103.189372, 20.657575], [-103.18938, 20.657603], [-103.189395, 20.657633], [-103.189414, 20.657667], [-103.189453, 20.657684], [-103.189487, 20.657687], [-103.18952, 20.657698], [-103.189532, 20.657727], [-103.18956, 20.657747], [-103.189603, 20.657756], [-103.189638, 20.657772], [-103.189724, 20.657792], [-103.189797, 20.657812], [-103.189832, 20.657826], [-103.189857, 20.657856], [-103.189879, 20.657872], [-103.189932, 20.657903], [-103.189957, 20.657919], [-103.189992, 20.657943], [-103.190018, 20.657947], [-103.190043, 20.657964], [-103.190075, 20.657975], [-103.190111, 20.657991], [-103.190139, 20.658007], [-103.190169, 20.658017], [-103.190204, 20.658021], [-103.19026, 20.658037], [-103.190302, 20.658056], [-103.190336, 20.658065], [-103.190352, 20.658082], [-103.190365, 20.658105], [-103.190379, 20.658132], [-103.19041, 20.658148], [-103.190439, 20.658158], [-103.19047, 20.658161], [-103.190511, 20.658163], [-103.19055, 20.658174], [-103.190593, 20.65819], [-103.19063, 20.658191], [-103.190664, 20.658207], [-103.1907, 20.658221], [-103.190723, 20.658234], [-103.190757, 20.658237], [-103.190799, 20.658231], [-103.190977, 20.658302], [-103.191482, 20.658037], [-103.191572, 20.658012], [-103.191668, 20.658032], [-103.191946, 20.658163], [-103.192071, 20.658248], [-103.1922, 20.658397], [-103.192271, 20.65844], [-103.192632, 20.6586], [-103.193264, 20.658897], [-103.193367, 20.659006], [-103.193513, 20.6592], [-103.193604, 20.659285], [-103.193718, 20.659337], [-103.193833, 20.659349], [-103.19433, 20.659422], [-103.194803, 20.659595], [-103.195263, 20.659781], [-103.195427, 20.659876], [-103.195598, 20.659933], [-103.195375, 20.659997], [-103.194842, 20.660361], [-103.1944, 20.660712], [-103.194266, 20.660909], [-103.194212, 20.661138], [-103.194256, 20.661355], [-103.194327, 20.66148], [-103.194473, 20.661625], [-103.194656, 20.661723], [-103.194811, 20.661764], [-103.194987, 20.661751], [-103.196132, 20.661634], [-103.196446, 20.661616], [-103.196561, 20.66165], [-103.196635, 20.661748], [-103.196609, 20.661861], [-103.196477, 20.661936], [-103.196171, 20.662025], [-103.196014, 20.662079], [-103.195394, 20.662433], [-103.194994, 20.662608], [-103.194517, 20.662685], [-103.194339, 20.662744], [-103.194081, 20.662862], [-103.193419, 20.663011], [-103.193311, 20.663072], [-103.193146, 20.663223], [-103.192961, 20.663313], [-103.192826, 20.663374], [-103.192659, 20.663538], [-103.192463, 20.663649], [-103.19213, 20.663773], [-103.191823, 20.66394], [-103.191473, 20.66415], [-103.191177, 20.66424], [-103.190824, 20.664273], [-103.19056, 20.664271], [-103.190205, 20.664224], [-103.189958, 20.664239], [-103.18909, 20.664424], [-103.188819, 20.66445], [-103.188697, 20.664398], [-103.188663, 20.664321], [-103.188653, 20.664233], [-103.188678, 20.664135], [-103.188754, 20.663963], [-103.188894, 20.663675], [-103.188956, 20.663463], [-103.188999, 20.66312], [-103.189011, 20.662839], [-103.188997, 20.662669], [-103.188947, 20.662611], [-103.188868, 20.662592], [-103.188796, 20.662597], [-103.188649, 20.662646], [-103.188444, 20.662713], [-103.188299, 20.662742], [-103.188139, 20.662726], [-103.187911, 20.662669], [-103.187813, 20.662657], [-103.187542, 20.662669], [-103.187385, 20.66265], [-103.187277, 20.662602], [-103.187164, 20.662506], [-103.187062, 20.662339], [-103.186568, 20.660964], [-103.186465, 20.660811], [-103.186385, 20.660731], [-103.185505, 20.659942], [-103.185038, 20.659514], [-103.184959, 20.659417], [-103.184857, 20.659227], [-103.184724, 20.658933], [-103.1846, 20.658782], [-103.184336, 20.658521], [-103.184211, 20.658432], [-103.184106, 20.658423], [-103.184038, 20.658473], [-103.184005, 20.65858], [-103.184032, 20.658678], [-103.184403, 20.659188], [-103.184608, 20.659524], [-103.184751, 20.65975], [-103.184919, 20.660047], [-103.185121, 20.660343], [-103.185299, 20.660643], [-103.185777, 20.661974], [-103.185869, 20.662141], [-103.185984, 20.662263], [-103.186306, 20.662543], [-103.186504, 20.662831], [-103.18679, 20.663345], [-103.186912, 20.663458], [-103.187089, 20.663507], [-103.187445, 20.663574], [-103.187553, 20.663642], [-103.187572, 20.663718], [-103.187559, 20.663793], [-103.187501, 20.6639], [-103.187361, 20.664061], [-103.187241, 20.664195], [-103.1872, 20.664321], [-103.187197, 20.664411], [-103.187251, 20.664648], [-103.18734, 20.66497], [-103.187487, 20.66596], [-103.187491, 20.66608], [-103.187462, 20.666191], [-103.187412, 20.666315], [-103.187384, 20.66645], [-103.187406, 20.666631], [-103.18748, 20.666984], [-103.187513, 20.667259], [-103.187479, 20.667575], [-103.18743, 20.667853], [-103.187378, 20.667975], [-103.187266, 20.668072], [-103.186949, 20.668285], [-103.186862, 20.668408], [-103.1868, 20.668855], [-103.186514, 20.667095], [-103.186346, 20.665937], [-103.186065, 20.664846], [-103.185602, 20.663893], [-103.18508, 20.663063], [-103.184441, 20.66215], [-103.183566, 20.661401], [-103.182803, 20.660708], [-103.182218, 20.660416], [-103.181634, 20.66004], [-103.181346, 20.659295], [-103.181879, 20.65843], [-103.183478, 20.657061], [-103.183644, 20.656758]]]}}, {"type": "Feature", "id": 3862, "properties": {"section_num": 3862, "name": "Secci\u00f3n 3862", "municipality": "Tonal\u00e1", "municipalityCode": 102, "districtFederal": 7, "districtLocal": 7, "tipo": 3}, "geometry": {"type": "Polygon", "coordinates": [[[-103.195598, 20.659933], [-103.195427, 20.659876], [-103.195263, 20.659781], [-103.194803, 20.659595], [-103.19433, 20.659422], [-103.193833, 20.659349], [-103.193718, 20.659337], [-103.193604, 20.659285], [-103.193513, 20.6592], [-103.193367, 20.659006], [-103.193264, 20.658897], [-103.192632, 20.6586], [-103.192271, 20.65844], [-103.1922, 20.658397], [-103.192071, 20.658248], [-103.191946, 20.658163], [-103.191668, 20.658032], [-103.191572, 20.658012], [-103.191482, 20.658037], [-103.190977, 20.658302], [-103.190799, 20.658231], [-103.190757, 20.658237], [-103.190723, 20.658234], [-103.1907, 20.658221], [-103.190664, 20.658207], [-103.19063, 20.658191], [-103.190593, 20.65819], [-103.19055, 20.658174], [-103.190511, 20.658163], [-103.19047, 20.658161], [-103.190439, 20.658158], [-103.19041, 20.658148], [-103.190379, 20.658132], [-103.190365, 20.658105], [-103.190352, 20.658082], [-103.190336, 20.658065], [-103.190302, 20.658056], [-103.19026, 20.658037], [-103.190204, 20.658021], [-103.190169, 20.658017], [-103.190139, 20.658007], [-103.190111, 20.657991], [-103.190075, 20.657975], [-103.190043, 20.657964], [-103.190018, 20.657947], [-103.189992, 20.657943], [-103.189957, 20.657919], [-103.189932, 20.657903], [-103.189879, 20.657872], [-103.189857, 20.657856], [-103.189832, 20.657826], [-103.189797, 20.657812], [-103.189724, 20.657792], [-103.189638, 20.657772], [-103.189603, 20.657756], [-103.18956, 20.657747], [-103.189532, 20.657727], [-103.18952, 20.657698], [-103.189487, 20.657687], [-103.189453, 20.657684], [-103.189414, 20.657667], [-103.189395, 20.657633], [-103.18938, 20.657603], [-103.189372, 20.657575], [-103.189351, 20.657543], [-103.189321, 20.657537], [-103.189243, 20.657527], [-103.189154, 20.657531], [-103.18908, 20.657552], [-103.189013, 20.657537], [-103.188983, 20.657537], [-103.188799, 20.657602], [-103.188709, 20.657619], [-103.188628, 20.657617], [-103.188594, 20.657624], [-103.188582, 20.657604], [-103.188578, 20.657575], [-103.188577, 20.657548], [-103.188543, 20.657487], [-103.188511, 20.657415], [-103.188474, 20.657377], [-103.188429, 20.65736], [-103.188365, 20.657341], [-103.18834, 20.657335], [-103.188303, 20.657311], [-103.188287, 20.65729], [-103.188259, 20.657291], [-103.188233, 20.657294], [-103.188216, 20.657277], [-103.188208, 20.657245], [-103.188173, 20.657236], [-103.188154, 20.657241], [-103.188121, 20.657229], [-103.1881, 20.657204], [-103.18807, 20.65716], [-103.188037, 20.657111], [-103.188005, 20.657059], [-103.187992, 20.657018], [-103.187888, 20.656935], [-103.187839, 20.656889], [-103.187698, 20.656811], [-103.187527, 20.656737], [-103.187416, 20.65667], [-103.187322, 20.65661], [-103.187233, 20.656552], [-103.187151, 20.656516], [-103.187096, 20.656502], [-103.187047, 20.656509], [-103.18702, 20.656546], [-103.186975, 20.656588], [-103.186932, 20.656636], [-103.186925, 20.656682], [-103.186947, 20.656743], [-103.186946, 20.656805], [-103.186899, 20.656848], [-103.186768, 20.6569], [-103.186657, 20.656938], [-103.186563, 20.656977], [-103.186461, 20.656992], [-103.186368, 20.657009], [-103.186273, 20.656989], [-103.186187, 20.657001], [-103.186069, 20.656976], [-103.186011, 20.656969], [-103.185949, 20.656972], [-103.18584, 20.65698], [-103.185781, 20.656961], [-103.185717, 20.656955], [-103.185659, 20.656967], [-103.185577, 20.656937], [-103.185515, 20.656884], [-103.185527, 20.65685], [-103.185545, 20.656823], [-103.185539, 20.656781], [-103.185543, 20.656699], [-103.185536, 20.65664], [-103.185518, 20.656592], [-103.18549, 20.656542], [-103.185454, 20.656513], [-103.185416, 20.656493], [-103.185374, 20.656491], [-103.185325, 20.6565], [-103.185277, 20.656535], [-103.18523, 20.656584], [-103.185197, 20.656638], [-103.185174, 20.656687], [-103.185169, 20.656723], [-103.185162, 20.656778], [-103.185149, 20.656812], [-103.185123, 20.656841], [-103.185067, 20.656874], [-103.18503, 20.6569], [-103.18501, 20.656925], [-103.185003, 20.656947], [-103.185026, 20.656981], [-103.185035, 20.657004], [-103.185038, 20.657031], [-103.185009, 20.657047], [-103.184963, 20.657075], [-103.184944, 20.657062], [-103.184909, 20.657075], [-103.184883, 20.657082], [-103.184862, 20.657082], [-103.184838, 20.657088], [-103.184764, 20.657142], [-103.184675, 20.657168], [-103.184596, 20.657175], [-103.18451, 20.657166], [-103.184433, 20.657129], [-103.18437, 20.657078], [-103.18434, 20.657011], [-103.184333, 20.656939], [-103.184314, 20.656856], [-103.184294, 20.656809], [-103.184241, 20.656752], [-103.184135, 20.656686], [-103.184034, 20.656676], [-103.183866, 20.656697], [-103.183644, 20.656758], [-103.183953, 20.656196], [-103.184375, 20.654503], [-103.184149, 20.653221], [-103.183806, 20.651896], [-103.183584, 20.650035], [-103.183531, 20.649125], [-103.183711, 20.648548], [-103.183831, 20.648177], [-103.184415, 20.647657], [-103.185598, 20.646947], [-103.187548, 20.64485], [-103.187839, 20.644329], [-103.187791, 20.643529], [-103.187792, 20.642593], [-103.187386, 20.641846], [-103.187047, 20.640797], [-103.186758, 20.640134], [-103.186702, 20.639679], [-103.186649, 20.638935], [-103.186828, 20.638398], [-103.187123, 20.638111], [-103.187596, 20.637576], [-103.18766, 20.63675], [-103.187433, 20.635674], [-103.187088, 20.634639], [-103.186505, 20.633285], [-103.186439, 20.633129], [-103.186654, 20.632748], [-103.186964, 20.632635], [-103.187251, 20.632681], [-103.187471, 20.632671], [-103.187666, 20.632551], [-103.187753, 20.632421], [-103.187692, 20.632304], [-103.187661, 20.632141], [-103.187389, 20.631729], [-103.187402, 20.631516], [-103.18746, 20.631376], [-103.187708, 20.631144], [-103.187943, 20.630793], [-103.188249, 20.630781], [-103.188831, 20.630719], [-103.18893, 20.630731], [-103.188978, 20.630786], [-103.188965, 20.630949], [-103.18886, 20.631206], [-103.188666, 20.631412], [-103.188435, 20.631794], [-103.18849, 20.631965], [-103.188752, 20.632009], [-103.189506, 20.631807], [-103.19034, 20.631043], [-103.190653, 20.630917], [-103.191095, 20.630922], [-103.191943, 20.630942], [-103.192728, 20.630809], [-103.193281, 20.630598], [-103.193942, 20.630639], [-103.194284, 20.63061], [-103.194475, 20.629879], [-103.19475, 20.629775], [-103.194834, 20.629604], [-103.194776, 20.629465], [-103.194794, 20.629362], [-103.194892, 20.629298], [-103.195034, 20.629323], [-103.195267, 20.629526], [-103.195616, 20.629353], [-103.195884, 20.629611], [-103.195852, 20.629708], [-103.195868, 20.629824], [-103.19602, 20.629919], [-103.196621, 20.629704], [-103.19696, 20.629373], [-103.197075, 20.629083], [-103.197218, 20.628832], [-103.197369, 20.628786], [-103.197528, 20.628832], [-103.197567, 20.628973], [-103.197491, 20.62933], [-103.197469, 20.62978], [-103.197505, 20.630292], [-103.197535, 20.63041], [-103.197669, 20.630428], [-103.19782, 20.630334], [-103.197939, 20.630143], [-103.198017, 20.629844], [-103.198136, 20.629641], [-103.19828, 20.629563], [-103.198359, 20.629434], [-103.198507, 20.629445], [-103.198655, 20.629559], [-103.198752, 20.629742], [-103.19879, 20.629955], [-103.198737, 20.630108], [-103.19873, 20.630199], [-103.198876, 20.630239], [-103.199656, 20.630115], [-103.200016, 20.630342], [-103.200153, 20.630369], [-103.200323, 20.630175], [-103.200305, 20.630036], [-103.200113, 20.629782], [-103.199963, 20.629424], [-103.199914, 20.629165], [-103.199912, 20.628764], [-103.199997, 20.628534], [-103.200305, 20.628261], [-103.200804, 20.628055], [-103.20102, 20.628067], [-103.201195, 20.627943], [-103.201097, 20.627705], [-103.201025, 20.627429], [-103.201112, 20.627239], [-103.201311, 20.627034], [-103.201568, 20.627195], [-103.201763, 20.627155], [-103.20196, 20.626941], [-103.202153, 20.626695], [-103.202371, 20.626461], [-103.202774, 20.626279], [-103.203327, 20.626136], [-103.203525, 20.626107], [-103.20382, 20.62613], [-103.204093, 20.626239], [-103.204219, 20.626315], [-103.204269, 20.626447], [-103.204232, 20.626577], [-103.204048, 20.626801], [-103.20404, 20.626981], [-103.204148, 20.627121], [-103.204296, 20.627166], [-103.204519, 20.627138], [-103.204803, 20.627013], [-103.205243, 20.626834], [-103.205483, 20.626689], [-103.205634, 20.626703], [-103.205753, 20.6268], [-103.205859, 20.626963], [-103.206065, 20.627254], [-103.206337, 20.627471], [-103.206723, 20.627647], [-103.207179, 20.627813], [-103.207671, 20.627917], [-103.20802, 20.62789], [-103.208504, 20.627933], [-103.20886, 20.627989], [-103.209148, 20.628073], [-103.20937, 20.628232], [-103.209529, 20.628408], [-103.209673, 20.628493], [-103.209879, 20.628526], [-103.210076, 20.628633], [-103.210225, 20.628735], [-103.210343, 20.628885], [-103.210412, 20.629007], [-103.210427, 20.62919], [-103.210488, 20.629266], [-103.210606, 20.629307], [-103.210809, 20.629302], [-103.211096, 20.629193], [-103.211085, 20.629935], [-103.21108, 20.630282], [-103.211077, 20.630518], [-103.211075, 20.630696], [-103.211061, 20.630935], [-103.211031, 20.631222], [-103.210966, 20.631648], [-103.210956, 20.631696], [-103.210902, 20.631944], [-103.210872, 20.632068], [-103.210836, 20.632187], [-103.210762, 20.632438], [-103.210686, 20.632675], [-103.210515, 20.633234], [-103.210374, 20.633663], [-103.210224, 20.634099], [-103.210133, 20.63434], [-103.210093, 20.634434], [-103.210053, 20.634515], [-103.209957, 20.634747], [-103.209879, 20.634909], [-103.209848, 20.634975], [-103.209678, 20.6353], [-103.209461, 20.635688], [-103.209034, 20.636493], [-103.208676, 20.637148], [-103.208281, 20.63788], [-103.207986, 20.638427], [-103.206332, 20.641489], [-103.20588, 20.642326], [-103.205477, 20.643064], [-103.205342, 20.643312], [-103.20507, 20.643807], [-103.204831, 20.644305], [-103.204739, 20.644514], [-103.204696, 20.644618], [-103.204658, 20.644723], [-103.204479, 20.645278], [-103.204423, 20.645479], [-103.204382, 20.645658], [-103.20434, 20.645859], [-103.204308, 20.646039], [-103.204279, 20.646256], [-103.204259, 20.646442], [-103.204249, 20.646602], [-103.204229, 20.646971], [-103.204225, 20.647442], [-103.20427, 20.647912], [-103.204298, 20.648122], [-103.204362, 20.648491], [-103.204449, 20.648866], [-103.204498, 20.649046], [-103.204552, 20.649222], [-103.204613, 20.649403], [-103.204629, 20.649444], [-103.204719, 20.649681], [-103.204832, 20.649951], [-103.204896, 20.65009], [-103.204966, 20.65023], [-103.205092, 20.650464], [-103.205237, 20.650712], [-103.205386, 20.650946], [-103.2055, 20.65112], [-103.205621, 20.651283], [-103.205867, 20.651587], [-103.205984, 20.651725], [-103.206107, 20.65186], [-103.20641, 20.652166], [-103.206462, 20.652217], [-103.206528, 20.652282], [-103.206685, 20.652425], [-103.20699, 20.652682], [-103.207315, 20.652909], [-103.207479, 20.65302], [-103.207803, 20.65324], [-103.209302, 20.654226], [-103.209912, 20.654628], [-103.210762, 20.655187], [-103.211992, 20.655997], [-103.21235, 20.656248], [-103.21249, 20.656353], [-103.212511, 20.656368], [-103.212587, 20.65643], [-103.212669, 20.656496], [-103.212826, 20.656627], [-103.212977, 20.656761], [-103.213006, 20.656787], [-103.21284, 20.656886], [-103.211875, 20.657478], [-103.212575, 20.658713], [-103.212793, 20.658858], [-103.212719, 20.659366], [-103.213292, 20.661125], [-103.211422, 20.661587], [-103.211076, 20.660813], [-103.210844, 20.660569], [-103.210598, 20.660411], [-103.210269, 20.66031], [-103.209809, 20.660309], [-103.208979, 20.660397], [-103.205938, 20.660718], [-103.205735, 20.660736], [-103.204903, 20.660693], [-103.203832, 20.660569], [-103.203093, 20.66049], [-103.200893, 20.660257], [-103.19874, 20.660008], [-103.198542, 20.660029], [-103.198346, 20.660153], [-103.198251, 20.660301], [-103.198171, 20.660405], [-103.198059, 20.660465], [-103.19791, 20.660431], [-103.197526, 20.660188], [-103.197332, 20.660113], [-103.197177, 20.660095], [-103.196416, 20.660021], [-103.195598, 20.659933]]]}}, {"type": "Feature", "id": 3863, "properties": {"section_num": 3863, "name": "Secci\u00f3n 3863", "municipality": "Tonal\u00e1", "municipalityCode": 102, "districtFederal": 7, "districtLocal": 7, "tipo": 2}, "geometry": {"type": "Polygon", "coordinates": [[[-103.210762, 20.655187], [-103.210974, 20.654968], [-103.211035, 20.654904], [-103.211246, 20.65465], [-103.211486, 20.654374], [-103.211699, 20.654129], [-103.211911, 20.653884], [-103.212139, 20.653622], [-103.212349, 20.653389], [-103.212785, 20.652865], [-103.213013, 20.652631], [-103.213432, 20.652132], [-103.213654, 20.651907], [-103.213981, 20.651528], [-103.214053, 20.651448], [-103.214448, 20.651018], [-103.214462, 20.650907], [-103.214467, 20.650753], [-103.214578, 20.650646], [-103.214656, 20.650745], [-103.214873, 20.650834], [-103.215256, 20.650949], [-103.215981, 20.651158], [-103.217153, 20.651465], [-103.218758, 20.651872], [-103.220651, 20.652235], [-103.221216, 20.652302], [-103.221332, 20.652316], [-103.221459, 20.652329], [-103.221689, 20.652353], [-103.222009, 20.652387], [-103.222444, 20.652419], [-103.222513, 20.65242], [-103.222668, 20.652424], [-103.222893, 20.652424], [-103.223067, 20.652417], [-103.224235, 20.652372], [-103.224696, 20.652295], [-103.225113, 20.652183], [-103.225994, 20.651935], [-103.226733, 20.651849], [-103.226524, 20.651995], [-103.226488, 20.652476], [-103.226485, 20.653412], [-103.226485, 20.653566], [-103.226456, 20.654239], [-103.226451, 20.654367], [-103.226431, 20.654835], [-103.226391, 20.654981], [-103.226269, 20.656338], [-103.226159, 20.656828], [-103.226191, 20.657375], [-103.225228, 20.657328], [-103.224831, 20.656858], [-103.22371, 20.656832], [-103.223433, 20.656803], [-103.222786, 20.656637], [-103.221569, 20.656103], [-103.220928, 20.655862], [-103.220817, 20.655818], [-103.220528, 20.655739], [-103.220191, 20.655685], [-103.219658, 20.65563], [-103.219294, 20.655538], [-103.219244, 20.655573], [-103.219217, 20.655716], [-103.219193, 20.655783], [-103.219144, 20.655862], [-103.219068, 20.655893], [-103.218947, 20.655883], [-103.218749, 20.655862], [-103.218533, 20.655833], [-103.217531, 20.655695], [-103.217187, 20.655648], [-103.216474, 20.655536], [-103.216089, 20.655475], [-103.215657, 20.655425], [-103.215318, 20.655277], [-103.215267, 20.655362], [-103.215192, 20.655784], [-103.215011, 20.656127], [-103.214994, 20.656327], [-103.21492, 20.656417], [-103.214808, 20.656505], [-103.214651, 20.656466], [-103.213488, 20.657396], [-103.213119, 20.657024], [-103.21284, 20.656886], [-103.213006, 20.656787], [-103.212977, 20.656761], [-103.212826, 20.656627], [-103.212669, 20.656496], [-103.212587, 20.65643], [-103.212511, 20.656368], [-103.21249, 20.656353], [-103.21235, 20.656248], [-103.211992, 20.655997], [-103.210762, 20.655187]]]}}, {"type": "Feature", "id": 3864, "properties": {"section_num": 3864, "name": "Secci\u00f3n 3864", "municipality": "Tonal\u00e1", "municipalityCode": 102, "districtFederal": 7, "districtLocal": 7, "tipo": 2}, "geometry": {"type": "Polygon", "coordinates": [[[-103.212135, 20.644683], [-103.211607, 20.644925], [-103.211674, 20.645025], [-103.21165, 20.645195], [-103.211623, 20.645475], [-103.211593, 20.645914], [-103.211573, 20.646254], [-103.211579, 20.646341], [-103.211547, 20.646807], [-103.211309, 20.646793], [-103.211279, 20.647267], [-103.21126, 20.647691], [-103.211227, 20.648128], [-103.211198, 20.648508], [-103.21214, 20.648555], [-103.212337, 20.648565], [-103.212684, 20.648582], [-103.214065, 20.648678], [-103.214051, 20.648807], [-103.214039, 20.648917], [-103.213998, 20.64894], [-103.213683, 20.649106], [-103.213622, 20.649136], [-103.213392, 20.649269], [-103.213352, 20.649304], [-103.213256, 20.649405], [-103.213212, 20.649408], [-103.212952, 20.649679], [-103.212698, 20.649944], [-103.212718, 20.650006], [-103.212926, 20.650392], [-103.212991, 20.650493], [-103.213072, 20.650685], [-103.213319, 20.650867], [-103.213565, 20.651074], [-103.213803, 20.651255], [-103.214053, 20.651448], [-103.213981, 20.651528], [-103.213654, 20.651907], [-103.213432, 20.652132], [-103.213013, 20.652631], [-103.212785, 20.652865], [-103.212349, 20.653389], [-103.212139, 20.653622], [-103.211911, 20.653884], [-103.211699, 20.654129], [-103.211486, 20.654374], [-103.211246, 20.65465], [-103.211035, 20.654904], [-103.210974, 20.654968], [-103.210762, 20.655187], [-103.209912, 20.654628], [-103.209302, 20.654226], [-103.207803, 20.65324], [-103.207479, 20.65302], [-103.207315, 20.652909], [-103.20699, 20.652682], [-103.206685, 20.652425], [-103.206528, 20.652282], [-103.206462, 20.652217], [-103.20641, 20.652166], [-103.206107, 20.65186], [-103.205984, 20.651725], [-103.205867, 20.651587], [-103.205621, 20.651283], [-103.2055, 20.65112], [-103.205386, 20.650946], [-103.205237, 20.650712], [-103.205092, 20.650464], [-103.204966, 20.65023], [-103.204896, 20.65009], [-103.204832, 20.649951], [-103.204719, 20.649681], [-103.204629, 20.649444], [-103.204613, 20.649403], [-103.204552, 20.649222], [-103.204498, 20.649046], [-103.204449, 20.648866], [-103.204362, 20.648491], [-103.204298, 20.648122], [-103.20427, 20.647912], [-103.204225, 20.647442], [-103.204229, 20.646971], [-103.204249, 20.646602], [-103.204259, 20.646442], [-103.204279, 20.646256], [-103.204308, 20.646039], [-103.20434, 20.645859], [-103.204382, 20.645658], [-103.204423, 20.645479], [-103.204479, 20.645278], [-103.204658, 20.644723], [-103.204696, 20.644618], [-103.204739, 20.644514], [-103.204831, 20.644305], [-103.20507, 20.643807], [-103.205342, 20.643312], [-103.205477, 20.643064], [-103.205607, 20.643089], [-103.208353, 20.643614], [-103.208815, 20.643699], [-103.208843, 20.643711], [-103.208723, 20.643899], [-103.2088, 20.64386], [-103.208887, 20.643841], [-103.208979, 20.643814], [-103.209975, 20.644102], [-103.210011, 20.644119], [-103.210501, 20.644261], [-103.210923, 20.644383], [-103.210993, 20.644363], [-103.212135, 20.644683]]]}}, {"type": "Feature", "id": 3865, "properties": {"section_num": 3865, "name": "Secci\u00f3n 3865", "municipality": "Tonal\u00e1", "municipalityCode": 102, "districtFederal": 7, "districtLocal": 7, "tipo": 2}, "geometry": {"type": "Polygon", "coordinates": [[[-103.234551, 20.644089], [-103.234536, 20.644135], [-103.23452, 20.644182], [-103.236782, 20.644819], [-103.237067, 20.644802], [-103.236487, 20.646641], [-103.23606, 20.647997], [-103.234547, 20.6528], [-103.234096, 20.652727], [-103.232651, 20.652556], [-103.232631, 20.652553], [-103.232165, 20.652504], [-103.230125, 20.652286], [-103.229776, 20.652248], [-103.228526, 20.652112], [-103.228657, 20.651501], [-103.22874, 20.651112], [-103.228793, 20.650732], [-103.228834, 20.65034], [-103.228911, 20.649944], [-103.228933, 20.649837], [-103.228987, 20.649576], [-103.229076, 20.649427], [-103.229229, 20.648877], [-103.229351, 20.64844], [-103.22946, 20.647992], [-103.229571, 20.64754], [-103.229689, 20.647108], [-103.229788, 20.646626], [-103.229831, 20.646633], [-103.230216, 20.646701], [-103.230279, 20.646712], [-103.230643, 20.646779], [-103.230712, 20.646789], [-103.231077, 20.646866], [-103.231149, 20.646878], [-103.231446, 20.646926], [-103.231521, 20.646949], [-103.231669, 20.646979], [-103.231796, 20.647023], [-103.231819, 20.647036], [-103.231865, 20.647071], [-103.231925, 20.647118], [-103.232012, 20.647174], [-103.232054, 20.647188], [-103.232075, 20.647191], [-103.232119, 20.646993], [-103.232211, 20.646735], [-103.232254, 20.646483], [-103.232287, 20.646405], [-103.232369, 20.646327], [-103.232705, 20.646047], [-103.232942, 20.645777], [-103.233094, 20.645532], [-103.233218, 20.645333], [-103.233227, 20.645296], [-103.233308, 20.645002], [-103.23343, 20.644673], [-103.233609, 20.644208], [-103.233689, 20.644086], [-103.233713, 20.643989], [-103.23374, 20.643927], [-103.234056, 20.643989], [-103.234111, 20.644], [-103.234366, 20.644054], [-103.234422, 20.644067], [-103.234551, 20.644089]]]}}, {"type": "Feature", "id": 3866, "properties": {"section_num": 3866, "name": "Secci\u00f3n 3866", "municipality": "Tonal\u00e1", "municipalityCode": 102, "districtFederal": 7, "districtLocal": 7, "tipo": 2}, "geometry": {"type": "Polygon", "coordinates": [[[-103.221677, 20.648712], [-103.221717, 20.648712], [-103.222193, 20.648755], [-103.222264, 20.648764], [-103.222627, 20.648805], [-103.222703, 20.648814], [-103.223092, 20.648841], [-103.223144, 20.648847], [-103.223544, 20.648871], [-103.223598, 20.64888], [-103.224093, 20.648909], [-103.224161, 20.648911], [-103.224378, 20.648931], [-103.224866, 20.648969], [-103.224928, 20.648971], [-103.225206, 20.648983], [-103.225267, 20.648988], [-103.225544, 20.64901], [-103.225603, 20.649012], [-103.225699, 20.649017], [-103.225666, 20.649174], [-103.225652, 20.649243], [-103.22563, 20.649417], [-103.225708, 20.649468], [-103.225888, 20.649485], [-103.226362, 20.649545], [-103.227406, 20.649675], [-103.228933, 20.649837], [-103.228911, 20.649944], [-103.228834, 20.65034], [-103.228793, 20.650732], [-103.22874, 20.651112], [-103.228657, 20.651501], [-103.228526, 20.652112], [-103.227047, 20.65191], [-103.226733, 20.651849], [-103.225994, 20.651935], [-103.225113, 20.652183], [-103.224696, 20.652295], [-103.224235, 20.652372], [-103.223067, 20.652417], [-103.222893, 20.652424], [-103.222668, 20.652424], [-103.222513, 20.65242], [-103.222444, 20.652419], [-103.222009, 20.652387], [-103.221689, 20.652353], [-103.221459, 20.652329], [-103.221332, 20.652316], [-103.221354, 20.652075], [-103.221374, 20.651837], [-103.221413, 20.651468], [-103.221449, 20.651095], [-103.221434, 20.651034], [-103.221439, 20.650976], [-103.221448, 20.65089], [-103.221494, 20.650416], [-103.221598, 20.649315], [-103.221624, 20.649226], [-103.221637, 20.649106], [-103.221677, 20.648712]]]}}, {"type": "Feature", "id": 3867, "properties": {"section_num": 3867, "name": "Secci\u00f3n 3867", "municipality": "Tonal\u00e1", "municipalityCode": 102, "districtFederal": 7, "districtLocal": 7, "tipo": 2}, "geometry": {"type": "Polygon", "coordinates": [[[-103.222525, 20.644276], [-103.222384, 20.644594], [-103.221986, 20.645494], [-103.221898, 20.646554], [-103.221881, 20.646768], [-103.221838, 20.647159], [-103.22179, 20.647869], [-103.221746, 20.648314], [-103.221723, 20.648541], [-103.221692, 20.648659], [-103.221677, 20.648712], [-103.221637, 20.649106], [-103.221624, 20.649226], [-103.221598, 20.649315], [-103.221494, 20.650416], [-103.221448, 20.65089], [-103.221439, 20.650976], [-103.221434, 20.651034], [-103.221449, 20.651095], [-103.221413, 20.651468], [-103.221374, 20.651837], [-103.221354, 20.652075], [-103.221332, 20.652316], [-103.221216, 20.652302], [-103.220651, 20.652235], [-103.218758, 20.651872], [-103.217153, 20.651465], [-103.215981, 20.651158], [-103.215995, 20.650881], [-103.216004, 20.650698], [-103.216023, 20.650143], [-103.216046, 20.649487], [-103.216051, 20.649327], [-103.216097, 20.649265], [-103.216201, 20.649196], [-103.216351, 20.649064], [-103.216507, 20.648905], [-103.216945, 20.648065], [-103.217136, 20.647662], [-103.217145, 20.647605], [-103.217157, 20.64755], [-103.217177, 20.647261], [-103.217167, 20.647178], [-103.217204, 20.646846], [-103.217219, 20.646715], [-103.217261, 20.646664], [-103.217348, 20.64656], [-103.217408, 20.646522], [-103.21728, 20.646398], [-103.217297, 20.646228], [-103.216962, 20.646162], [-103.216932, 20.646039], [-103.216952, 20.645992], [-103.216982, 20.645963], [-103.217005, 20.645943], [-103.217078, 20.645899], [-103.217117, 20.645873], [-103.217155, 20.645844], [-103.217163, 20.645796], [-103.217162, 20.645749], [-103.217162, 20.645703], [-103.217166, 20.645665], [-103.217188, 20.645635], [-103.217241, 20.645627], [-103.217268, 20.645605], [-103.217287, 20.645573], [-103.217298, 20.645547], [-103.2173, 20.645491], [-103.217295, 20.64543], [-103.217327, 20.645332], [-103.21737, 20.645169], [-103.217393, 20.645086], [-103.217476, 20.644953], [-103.217524, 20.644795], [-103.217595, 20.644632], [-103.217731, 20.644431], [-103.217988, 20.644077], [-103.218168, 20.643844], [-103.218384, 20.643866], [-103.218815, 20.643907], [-103.219383, 20.643962], [-103.219477, 20.643923], [-103.219558, 20.64389], [-103.219598, 20.643874], [-103.220999, 20.644046], [-103.222525, 20.644276]]]}}, {"type": "Feature", "id": 3868, "properties": {"section_num": 3868, "name": "Secci\u00f3n 3868", "municipality": "Tonal\u00e1", "municipalityCode": 102, "districtFederal": 7, "districtLocal": 7, "tipo": 2}, "geometry": {"type": "Polygon", "coordinates": [[[-103.217476, 20.644953], [-103.217393, 20.645086], [-103.21737, 20.645169], [-103.217327, 20.645332], [-103.217295, 20.64543], [-103.2173, 20.645491], [-103.217298, 20.645547], [-103.217287, 20.645573], [-103.217268, 20.645605], [-103.217241, 20.645627], [-103.217188, 20.645635], [-103.217166, 20.645665], [-103.217162, 20.645703], [-103.217162, 20.645749], [-103.217163, 20.645796], [-103.217155, 20.645844], [-103.217117, 20.645873], [-103.217078, 20.645899], [-103.217005, 20.645943], [-103.216982, 20.645963], [-103.216952, 20.645992], [-103.216932, 20.646039], [-103.216962, 20.646162], [-103.217297, 20.646228], [-103.21728, 20.646398], [-103.217408, 20.646522], [-103.217348, 20.64656], [-103.217261, 20.646664], [-103.217219, 20.646715], [-103.217204, 20.646846], [-103.217167, 20.647178], [-103.217177, 20.647261], [-103.217157, 20.64755], [-103.217145, 20.647605], [-103.217136, 20.647662], [-103.216945, 20.648065], [-103.216507, 20.648905], [-103.216351, 20.649064], [-103.216201, 20.649196], [-103.216097, 20.649265], [-103.216051, 20.649327], [-103.216046, 20.649487], [-103.216023, 20.650143], [-103.216004, 20.650698], [-103.215995, 20.650881], [-103.215981, 20.651158], [-103.215256, 20.650949], [-103.214873, 20.650834], [-103.214656, 20.650745], [-103.214578, 20.650646], [-103.214467, 20.650753], [-103.214462, 20.650907], [-103.214448, 20.651018], [-103.214053, 20.651448], [-103.213803, 20.651255], [-103.213565, 20.651074], [-103.213319, 20.650867], [-103.213072, 20.650685], [-103.212991, 20.650493], [-103.212926, 20.650392], [-103.212718, 20.650006], [-103.212698, 20.649944], [-103.212952, 20.649679], [-103.213212, 20.649408], [-103.213256, 20.649405], [-103.213352, 20.649304], [-103.213392, 20.649269], [-103.213622, 20.649136], [-103.213683, 20.649106], [-103.213998, 20.64894], [-103.214039, 20.648917], [-103.214051, 20.648807], [-103.214065, 20.648678], [-103.212684, 20.648582], [-103.212337, 20.648565], [-103.21214, 20.648555], [-103.211198, 20.648508], [-103.211227, 20.648128], [-103.21126, 20.647691], [-103.211279, 20.647267], [-103.211309, 20.646793], [-103.211547, 20.646807], [-103.211579, 20.646341], [-103.211573, 20.646254], [-103.211593, 20.645914], [-103.211623, 20.645475], [-103.21165, 20.645195], [-103.211674, 20.645025], [-103.211607, 20.644925], [-103.212135, 20.644683], [-103.212175, 20.64472], [-103.21232, 20.644757], [-103.212479, 20.644528], [-103.212538, 20.644443], [-103.212719, 20.64417], [-103.212975, 20.643998], [-103.213354, 20.64383], [-103.213733, 20.643663], [-103.213797, 20.643862], [-103.213828, 20.643814], [-103.2139, 20.643611], [-103.21402, 20.643312], [-103.214051, 20.643332], [-103.214408, 20.643487], [-103.215178, 20.643676], [-103.217177, 20.644494], [-103.217214, 20.644531], [-103.217235, 20.644558], [-103.217261, 20.644624], [-103.217269, 20.644648], [-103.217295, 20.644704], [-103.217303, 20.644785], [-103.217306, 20.64486], [-103.217293, 20.64493], [-103.217441, 20.644946], [-103.217476, 20.644953]]]}}, {"type": "Feature", "id": 3869, "properties": {"section_num": 3869, "name": "Secci\u00f3n 3869", "municipality": "Tonal\u00e1", "municipalityCode": 102, "districtFederal": 7, "districtLocal": 7, "tipo": 2}, "geometry": {"type": "Polygon", "coordinates": [[[-103.228933, 20.649837], [-103.227406, 20.649675], [-103.226362, 20.649545], [-103.225888, 20.649485], [-103.225708, 20.649468], [-103.22563, 20.649417], [-103.225652, 20.649243], [-103.225666, 20.649174], [-103.225699, 20.649017], [-103.225603, 20.649012], [-103.225544, 20.64901], [-103.225267, 20.648988], [-103.225206, 20.648983], [-103.224928, 20.648971], [-103.224866, 20.648969], [-103.224378, 20.648931], [-103.224161, 20.648911], [-103.224093, 20.648909], [-103.223598, 20.64888], [-103.223544, 20.648871], [-103.223144, 20.648847], [-103.223092, 20.648841], [-103.222703, 20.648814], [-103.222627, 20.648805], [-103.222264, 20.648764], [-103.222193, 20.648755], [-103.221717, 20.648712], [-103.221677, 20.648712], [-103.221692, 20.648659], [-103.221723, 20.648541], [-103.221746, 20.648314], [-103.22179, 20.647869], [-103.221838, 20.647159], [-103.221881, 20.646768], [-103.221898, 20.646554], [-103.221986, 20.645494], [-103.222384, 20.644594], [-103.222414, 20.644599], [-103.223689, 20.644722], [-103.223706, 20.644618], [-103.223888, 20.644651], [-103.22394, 20.644662], [-103.224261, 20.644722], [-103.224314, 20.644733], [-103.224637, 20.644795], [-103.224693, 20.644808], [-103.22501, 20.644872], [-103.225068, 20.644883], [-103.225411, 20.644944], [-103.225485, 20.644954], [-103.22582, 20.644985], [-103.225873, 20.644991], [-103.226184, 20.645026], [-103.226234, 20.645034], [-103.226536, 20.645071], [-103.226596, 20.645076], [-103.226906, 20.645118], [-103.226958, 20.645124], [-103.22728, 20.645165], [-103.22735, 20.645173], [-103.227356, 20.645332], [-103.227386, 20.646099], [-103.227394, 20.646309], [-103.227444, 20.646306], [-103.227549, 20.64627], [-103.227764, 20.646255], [-103.22783, 20.646251], [-103.229017, 20.646347], [-103.229088, 20.646358], [-103.229248, 20.646377], [-103.229835, 20.646446], [-103.229933, 20.646477], [-103.229868, 20.646544], [-103.229788, 20.646626], [-103.229689, 20.647108], [-103.229571, 20.64754], [-103.22946, 20.647992], [-103.229351, 20.64844], [-103.229229, 20.648877], [-103.229076, 20.649427], [-103.228987, 20.649576], [-103.228933, 20.649837]]]}}, {"type": "Feature", "id": 3870, "properties": {"section_num": 3870, "name": "Secci\u00f3n 3870", "municipality": "Tonal\u00e1", "municipalityCode": 102, "districtFederal": 7, "districtLocal": 7, "tipo": 2}, "geometry": {"type": "Polygon", "coordinates": [[[-103.234551, 20.644089], [-103.234422, 20.644067], [-103.234366, 20.644054], [-103.234111, 20.644], [-103.234056, 20.643989], [-103.23374, 20.643927], [-103.233713, 20.643989], [-103.233689, 20.644086], [-103.233609, 20.644208], [-103.23343, 20.644673], [-103.233308, 20.645002], [-103.233227, 20.645296], [-103.233218, 20.645333], [-103.233094, 20.645532], [-103.232942, 20.645777], [-103.232705, 20.646047], [-103.232369, 20.646327], [-103.232287, 20.646405], [-103.232254, 20.646483], [-103.232211, 20.646735], [-103.232119, 20.646993], [-103.232075, 20.647191], [-103.232054, 20.647188], [-103.232012, 20.647174], [-103.231925, 20.647118], [-103.231865, 20.647071], [-103.231819, 20.647036], [-103.231796, 20.647023], [-103.231669, 20.646979], [-103.231521, 20.646949], [-103.231446, 20.646926], [-103.231149, 20.646878], [-103.231077, 20.646866], [-103.230712, 20.646789], [-103.230643, 20.646779], [-103.230279, 20.646712], [-103.230216, 20.646701], [-103.229831, 20.646633], [-103.229788, 20.646626], [-103.229868, 20.646544], [-103.229933, 20.646477], [-103.229976, 20.646286], [-103.229997, 20.646192], [-103.230064, 20.645903], [-103.230136, 20.645607], [-103.230198, 20.645314], [-103.230248, 20.64511], [-103.230258, 20.645071], [-103.230403, 20.644401], [-103.230514, 20.644411], [-103.230664, 20.643787], [-103.230706, 20.643765], [-103.230725, 20.643756], [-103.230699, 20.643704], [-103.230609, 20.643523], [-103.230552, 20.643458], [-103.230465, 20.64336], [-103.230445, 20.643326], [-103.230419, 20.643249], [-103.230352, 20.643029], [-103.230309, 20.642833], [-103.230425, 20.642858], [-103.230816, 20.642934], [-103.231593, 20.643085], [-103.232137, 20.643193], [-103.232201, 20.643176], [-103.232345, 20.643206], [-103.232402, 20.643217], [-103.232648, 20.643266], [-103.232709, 20.643277], [-103.232953, 20.643329], [-103.233021, 20.643341], [-103.233272, 20.64339], [-103.233332, 20.643403], [-103.233575, 20.643452], [-103.233634, 20.643464], [-103.234027, 20.643549], [-103.234058, 20.643555], [-103.234646, 20.643668], [-103.234619, 20.643789], [-103.234614, 20.643848], [-103.234551, 20.644089]]]}}, {"type": "Feature", "id": 3871, "properties": {"section_num": 3871, "name": "Secci\u00f3n 3871", "municipality": "Tonal\u00e1", "municipalityCode": 102, "districtFederal": 7, "districtLocal": 7, "tipo": 2}, "geometry": {"type": "Polygon", "coordinates": [[[-103.225561, 20.642044], [-103.225638, 20.642066], [-103.225956, 20.64235], [-103.226023, 20.642461], [-103.226116, 20.642509], [-103.22616, 20.642505], [-103.226233, 20.642411], [-103.226301, 20.642343], [-103.226459, 20.642297], [-103.226606, 20.642294], [-103.226767, 20.642317], [-103.226828, 20.64236], [-103.226955, 20.64247], [-103.227212, 20.642697], [-103.227286, 20.642736], [-103.22728, 20.642447], [-103.22731, 20.642452], [-103.227376, 20.642464], [-103.227636, 20.642504], [-103.227707, 20.642518], [-103.228763, 20.64269], [-103.228821, 20.642702], [-103.228977, 20.642727], [-103.229177, 20.642721], [-103.229536, 20.642749], [-103.230231, 20.642816], [-103.230309, 20.642833], [-103.230352, 20.643029], [-103.230419, 20.643249], [-103.230445, 20.643326], [-103.230465, 20.64336], [-103.230552, 20.643458], [-103.230609, 20.643523], [-103.230699, 20.643704], [-103.230725, 20.643756], [-103.230706, 20.643765], [-103.230664, 20.643787], [-103.230514, 20.644411], [-103.230403, 20.644401], [-103.230258, 20.645071], [-103.230248, 20.64511], [-103.230198, 20.645314], [-103.230136, 20.645607], [-103.230064, 20.645903], [-103.229997, 20.646192], [-103.229976, 20.646286], [-103.229933, 20.646477], [-103.229835, 20.646446], [-103.229248, 20.646377], [-103.229088, 20.646358], [-103.229017, 20.646347], [-103.22783, 20.646251], [-103.227764, 20.646255], [-103.227549, 20.64627], [-103.227444, 20.646306], [-103.227394, 20.646309], [-103.227386, 20.646099], [-103.227356, 20.645332], [-103.22735, 20.645173], [-103.22728, 20.645165], [-103.226958, 20.645124], [-103.226906, 20.645118], [-103.226596, 20.645076], [-103.226536, 20.645071], [-103.226234, 20.645034], [-103.226184, 20.645026], [-103.225873, 20.644991], [-103.22582, 20.644985], [-103.225485, 20.644954], [-103.225411, 20.644944], [-103.225068, 20.644883], [-103.22501, 20.644872], [-103.224693, 20.644808], [-103.224637, 20.644795], [-103.224314, 20.644733], [-103.224261, 20.644722], [-103.22394, 20.644662], [-103.223888, 20.644651], [-103.223706, 20.644618], [-103.223689, 20.644722], [-103.222414, 20.644599], [-103.222384, 20.644594], [-103.222525, 20.644276], [-103.22296, 20.643361], [-103.223199, 20.642826], [-103.223314, 20.642439], [-103.22337, 20.642034], [-103.223405, 20.641698], [-103.224223, 20.641833], [-103.225561, 20.642044]]]}}, {"type": "Feature", "id": 3872, "properties": {"section_num": 3872, "name": "Secci\u00f3n 3872", "municipality": "Tonal\u00e1", "municipalityCode": 102, "districtFederal": 7, "districtLocal": 7, "tipo": 2}, "geometry": {"type": "Polygon", "coordinates": [[[-103.205477, 20.643064], [-103.20588, 20.642326], [-103.206332, 20.641489], [-103.207986, 20.638427], [-103.208281, 20.63788], [-103.208676, 20.637148], [-103.209034, 20.636493], [-103.209461, 20.635688], [-103.209678, 20.6353], [-103.209848, 20.634975], [-103.209879, 20.634909], [-103.209957, 20.634747], [-103.210053, 20.634515], [-103.210093, 20.634434], [-103.210133, 20.63434], [-103.210224, 20.634099], [-103.210374, 20.633663], [-103.210515, 20.633234], [-103.210686, 20.632675], [-103.210762, 20.632438], [-103.210836, 20.632187], [-103.210872, 20.632068], [-103.210902, 20.631944], [-103.210956, 20.631696], [-103.210966, 20.631648], [-103.211031, 20.631222], [-103.211061, 20.630935], [-103.211075, 20.630696], [-103.211077, 20.630518], [-103.21108, 20.630282], [-103.211085, 20.629935], [-103.211096, 20.629193], [-103.211352, 20.629053], [-103.211725, 20.628904], [-103.211987, 20.628879], [-103.212149, 20.628848], [-103.212344, 20.628663], [-103.212703, 20.628242], [-103.212863, 20.628186], [-103.212992, 20.628181], [-103.213462, 20.628236], [-103.213644, 20.628184], [-103.214051, 20.627988], [-103.214691, 20.627732], [-103.214937, 20.627635], [-103.21503, 20.627593], [-103.215111, 20.627506], [-103.215215, 20.627484], [-103.215279, 20.627419], [-103.215354, 20.627302], [-103.215457, 20.627257], [-103.21553, 20.627341], [-103.217994, 20.627001], [-103.216848, 20.628835], [-103.217001, 20.628923], [-103.217328, 20.629003], [-103.217732, 20.62919], [-103.218194, 20.629491], [-103.22055, 20.63083], [-103.220751, 20.630853], [-103.220929, 20.630785], [-103.222242, 20.629414], [-103.222391, 20.62934], [-103.222511, 20.629364], [-103.222568, 20.629463], [-103.222538, 20.629628], [-103.222299, 20.630243], [-103.222083, 20.630876], [-103.222049, 20.631201], [-103.222105, 20.631274], [-103.222197, 20.631267], [-103.222281, 20.631059], [-103.222439, 20.630798], [-103.222832, 20.630335], [-103.224032, 20.629282], [-103.224058, 20.629332], [-103.224185, 20.629407], [-103.224297, 20.629459], [-103.224529, 20.629608], [-103.22464, 20.629641], [-103.224785, 20.629668], [-103.225009, 20.629728], [-103.2252, 20.629763], [-103.225472, 20.629819], [-103.225846, 20.629955], [-103.225968, 20.630029], [-103.226064, 20.630076], [-103.226269, 20.630134], [-103.226351, 20.630181], [-103.226438, 20.630318], [-103.226564, 20.630454], [-103.226651, 20.630608], [-103.226665, 20.630685], [-103.226665, 20.630743], [-103.226632, 20.63082], [-103.226643, 20.630973], [-103.226695, 20.63106], [-103.226754, 20.631232], [-103.226642, 20.631223], [-103.226536, 20.631233], [-103.22647, 20.631257], [-103.226405, 20.631305], [-103.226281, 20.631312], [-103.226279, 20.631421], [-103.225658, 20.631433], [-103.225366, 20.631393], [-103.225017, 20.631594], [-103.224854, 20.631672], [-103.22467, 20.631839], [-103.224637, 20.632109], [-103.224678, 20.63226], [-103.2247, 20.632349], [-103.224662, 20.632496], [-103.224653, 20.632664], [-103.224546, 20.632715], [-103.224503, 20.632819], [-103.224409, 20.632827], [-103.224368, 20.632817], [-103.224337, 20.632838], [-103.224258, 20.632907], [-103.224181, 20.632888], [-103.224089, 20.632896], [-103.224015, 20.632919], [-103.223968, 20.632925], [-103.223873, 20.632959], [-103.22386, 20.633017], [-103.223812, 20.633096], [-103.223745, 20.633125], [-103.2237, 20.633168], [-103.223737, 20.633311], [-103.223775, 20.633325], [-103.223848, 20.633308], [-103.224222, 20.634635], [-103.224568, 20.634509], [-103.224862, 20.634627], [-103.225269, 20.635453], [-103.225019, 20.635447], [-103.224744, 20.635484], [-103.224542, 20.635545], [-103.22434, 20.635629], [-103.224071, 20.635707], [-103.223936, 20.635763], [-103.223806, 20.63594], [-103.223829, 20.636106], [-103.223894, 20.636245], [-103.223966, 20.63636], [-103.223963, 20.636506], [-103.224027, 20.636565], [-103.224107, 20.636657], [-103.224253, 20.636902], [-103.22429, 20.636989], [-103.224337, 20.637124], [-103.224399, 20.637211], [-103.224464, 20.63726], [-103.224542, 20.637371], [-103.22461, 20.637453], [-103.224697, 20.637497], [-103.224803, 20.637686], [-103.224355, 20.637879], [-103.224305, 20.638415], [-103.224294, 20.638529], [-103.22427, 20.638621], [-103.224235, 20.638761], [-103.22501, 20.639165], [-103.225045, 20.63919], [-103.224941, 20.639619], [-103.224824, 20.640021], [-103.224577, 20.64093], [-103.224543, 20.641248], [-103.224327, 20.641671], [-103.224223, 20.641833], [-103.223405, 20.641698], [-103.22337, 20.642034], [-103.223314, 20.642439], [-103.223199, 20.642826], [-103.22296, 20.643361], [-103.222525, 20.644276], [-103.220999, 20.644046], [-103.219598, 20.643874], [-103.219558, 20.64389], [-103.219477, 20.643923], [-103.219383, 20.643962], [-103.218815, 20.643907], [-103.218384, 20.643866], [-103.218168, 20.643844], [-103.217988, 20.644077], [-103.217731, 20.644431], [-103.217595, 20.644632], [-103.217524, 20.644795], [-103.217476, 20.644953], [-103.217441, 20.644946], [-103.217293, 20.64493], [-103.217306, 20.64486], [-103.217303, 20.644785], [-103.217295, 20.644704], [-103.217269, 20.644648], [-103.217261, 20.644624], [-103.217235, 20.644558], [-103.217214, 20.644531], [-103.217177, 20.644494], [-103.215178, 20.643676], [-103.214408, 20.643487], [-103.214051, 20.643332], [-103.21402, 20.643312], [-103.2139, 20.643611], [-103.213828, 20.643814], [-103.213797, 20.643862], [-103.213733, 20.643663], [-103.213354, 20.64383], [-103.212975, 20.643998], [-103.212719, 20.64417], [-103.212538, 20.644443], [-103.212479, 20.644528], [-103.21232, 20.644757], [-103.212175, 20.64472], [-103.212135, 20.644683], [-103.210993, 20.644363], [-103.210923, 20.644383], [-103.210501, 20.644261], [-103.210011, 20.644119], [-103.209975, 20.644102], [-103.208979, 20.643814], [-103.208887, 20.643841], [-103.2088, 20.64386], [-103.208723, 20.643899], [-103.208843, 20.643711], [-103.208815, 20.643699], [-103.208353, 20.643614], [-103.205607, 20.643089], [-103.205477, 20.643064]]]}}, {"type": "Feature", "id": 3873, "properties": {"section_num": 3873, "name": "Secci\u00f3n 3873", "municipality": "Tonal\u00e1", "municipalityCode": 102, "districtFederal": 7, "districtLocal": 7, "tipo": 2}, "geometry": {"type": "Polygon", "coordinates": [[[-103.230231, 20.642816], [-103.229536, 20.642749], [-103.229177, 20.642721], [-103.228977, 20.642727], [-103.228821, 20.642702], [-103.228763, 20.64269], [-103.227707, 20.642518], [-103.227636, 20.642504], [-103.227376, 20.642464], [-103.22731, 20.642452], [-103.22728, 20.642447], [-103.227286, 20.642736], [-103.227212, 20.642697], [-103.226955, 20.64247], [-103.226828, 20.64236], [-103.226767, 20.642317], [-103.226606, 20.642294], [-103.226459, 20.642297], [-103.226301, 20.642343], [-103.226233, 20.642411], [-103.22616, 20.642505], [-103.226116, 20.642509], [-103.226023, 20.642461], [-103.225956, 20.64235], [-103.225638, 20.642066], [-103.225561, 20.642044], [-103.224223, 20.641833], [-103.224327, 20.641671], [-103.224543, 20.641248], [-103.224577, 20.64093], [-103.224824, 20.640021], [-103.224941, 20.639619], [-103.225045, 20.63919], [-103.22501, 20.639165], [-103.224235, 20.638761], [-103.22427, 20.638621], [-103.224294, 20.638529], [-103.224305, 20.638415], [-103.224355, 20.637879], [-103.224803, 20.637686], [-103.224697, 20.637497], [-103.22461, 20.637453], [-103.224542, 20.637371], [-103.224464, 20.63726], [-103.224399, 20.637211], [-103.224337, 20.637124], [-103.22429, 20.636989], [-103.224253, 20.636902], [-103.224107, 20.636657], [-103.224027, 20.636565], [-103.223963, 20.636506], [-103.223966, 20.63636], [-103.223894, 20.636245], [-103.223829, 20.636106], [-103.223806, 20.63594], [-103.223936, 20.635763], [-103.224071, 20.635707], [-103.22434, 20.635629], [-103.224542, 20.635545], [-103.224744, 20.635484], [-103.225019, 20.635447], [-103.225269, 20.635453], [-103.226556, 20.635756], [-103.227402, 20.635618], [-103.227418, 20.634691], [-103.227679, 20.634719], [-103.229779, 20.634944], [-103.22987, 20.63528], [-103.230008, 20.635842], [-103.230053, 20.636503], [-103.230252, 20.636533], [-103.23038, 20.636708], [-103.2303, 20.637299], [-103.230423, 20.637381], [-103.230522, 20.637815], [-103.230662, 20.637917], [-103.231057, 20.638474], [-103.230999, 20.638736], [-103.230952, 20.63914], [-103.230974, 20.639181], [-103.230707, 20.639632], [-103.230535, 20.639995], [-103.230431, 20.640289], [-103.230409, 20.640351], [-103.230336, 20.640433], [-103.230436, 20.640681], [-103.23045, 20.641278], [-103.230451, 20.641304], [-103.230436, 20.641553], [-103.230341, 20.641631], [-103.230163, 20.641929], [-103.230282, 20.642443], [-103.230231, 20.642816]]]}}, {"type": "Feature", "id": 2691, "properties": {"section_num": 2691, "name": "Secci\u00f3n 2691", "municipality": "Tonal\u00e1", "municipalityCode": 102, "districtFederal": 20, "districtLocal": 20, "tipo": 2}, "geometry": {"type": "Polygon", "coordinates": [[[-103.226183, 20.621334], [-103.225986, 20.621238], [-103.225836, 20.621159], [-103.225738, 20.621099], [-103.22543, 20.620707], [-103.225304, 20.620622], [-103.224605, 20.620453], [-103.224383, 20.620453], [-103.22421, 20.62046], [-103.22411, 20.620436], [-103.22402, 20.62038], [-103.223868, 20.620099], [-103.22377, 20.620038], [-103.223632, 20.62005], [-103.223046, 20.620326], [-103.22245, 20.620681], [-103.22266, 20.620111], [-103.222818, 20.619792], [-103.223762, 20.618714], [-103.224107, 20.618394], [-103.224332, 20.618266], [-103.226153, 20.618008], [-103.227115, 20.618069], [-103.227413, 20.618141], [-103.227657, 20.618222], [-103.227739, 20.618269], [-103.227822, 20.618317], [-103.227975, 20.618318], [-103.22839, 20.618287], [-103.228736, 20.618259], [-103.22896, 20.618241], [-103.229442, 20.618201], [-103.229545, 20.618217], [-103.229624, 20.618245], [-103.229772, 20.618303], [-103.230538, 20.618609], [-103.230822, 20.618722], [-103.231438, 20.619044], [-103.23167, 20.619177], [-103.231763, 20.61923], [-103.23188, 20.619296], [-103.232042, 20.61946], [-103.232096, 20.619551], [-103.232241, 20.619805], [-103.2323, 20.619966], [-103.232419, 20.62029], [-103.232958, 20.620367], [-103.233657, 20.620468], [-103.234358, 20.620569], [-103.234506, 20.620084], [-103.234655, 20.619599], [-103.235147, 20.619709], [-103.235695, 20.619831], [-103.236427, 20.619995], [-103.23678, 20.620074], [-103.236984, 20.619334], [-103.237996, 20.619614], [-103.2381, 20.619236], [-103.238204, 20.618859], [-103.239773, 20.61925], [-103.240559, 20.619447], [-103.241221, 20.619612], [-103.24242, 20.619911], [-103.242052, 20.621257], [-103.241674, 20.622638], [-103.241367, 20.623759], [-103.24015, 20.623495], [-103.238756, 20.623059], [-103.237654, 20.622768], [-103.237146, 20.622634], [-103.23561, 20.622322], [-103.235234, 20.622245], [-103.235102, 20.622218], [-103.234594, 20.622115], [-103.234203, 20.622007], [-103.233752, 20.621883], [-103.233047, 20.621669], [-103.232978, 20.621648], [-103.232548, 20.621495], [-103.231942, 20.621278], [-103.231529, 20.62121], [-103.231528, 20.62127], [-103.231524, 20.621617], [-103.231426, 20.621593], [-103.230909, 20.621466], [-103.230755, 20.622115], [-103.230511, 20.622092], [-103.230354, 20.622077], [-103.230137, 20.622056], [-103.230054, 20.622048], [-103.229631, 20.622087], [-103.229466, 20.622102], [-103.229075, 20.62211], [-103.228999, 20.622112], [-103.228219, 20.622091], [-103.227945, 20.622134], [-103.227658, 20.622117], [-103.22734, 20.622088], [-103.227181, 20.622027], [-103.226985, 20.62201], [-103.226767, 20.622027], [-103.226707, 20.621934], [-103.226628, 20.621821], [-103.226554, 20.62178], [-103.226525, 20.621794], [-103.226495, 20.621807], [-103.22644, 20.621633], [-103.226183, 20.621334]]]}}, {"type": "Feature", "id": 2692, "properties": {"section_num": 2692, "name": "Secci\u00f3n 2692", "municipality": "Tonal\u00e1", "municipalityCode": 102, "districtFederal": 20, "districtLocal": 20, "tipo": 2}, "geometry": {"type": "Polygon", "coordinates": [[[-103.246323, 20.624936], [-103.245465, 20.624722], [-103.244019, 20.624361], [-103.242573, 20.624001], [-103.24198, 20.623882], [-103.241367, 20.623759], [-103.241674, 20.622638], [-103.242052, 20.621257], [-103.24242, 20.619911], [-103.243635, 20.620188], [-103.24429, 20.620337], [-103.24509, 20.62052], [-103.244704, 20.621858], [-103.246159, 20.622196], [-103.247074, 20.622409], [-103.246588, 20.624044], [-103.246323, 20.624936]]]}}, {"type": "Feature", "id": 2693, "properties": {"section_num": 2693, "name": "Secci\u00f3n 2693", "municipality": "Tonal\u00e1", "municipalityCode": 102, "districtFederal": 20, "districtLocal": 20, "tipo": 2}, "geometry": {"type": "Polygon", "coordinates": [[[-103.253269, 20.621769], [-103.253316, 20.621837], [-103.253203, 20.621896], [-103.253168, 20.622177], [-103.253081, 20.62234], [-103.252974, 20.622384], [-103.252883, 20.622509], [-103.252901, 20.622809], [-103.25278, 20.623093], [-103.252805, 20.623283], [-103.252473, 20.623386], [-103.252339, 20.62383], [-103.252307, 20.623936], [-103.25234, 20.624019], [-103.252571, 20.624601], [-103.252612, 20.624705], [-103.252591, 20.624714], [-103.252353, 20.624811], [-103.25214, 20.624897], [-103.252047, 20.624935], [-103.251776, 20.625045], [-103.251523, 20.625135], [-103.25167, 20.625693], [-103.251653, 20.625875], [-103.251609, 20.626112], [-103.251567, 20.626261], [-103.251225, 20.626096], [-103.251173, 20.626033], [-103.251062, 20.625898], [-103.250928, 20.625877], [-103.250772, 20.62593], [-103.250612, 20.625997], [-103.250416, 20.625978], [-103.249486, 20.625745], [-103.248419, 20.625472], [-103.247244, 20.625171], [-103.247057, 20.625124], [-103.246323, 20.624936], [-103.246588, 20.624044], [-103.247074, 20.622409], [-103.246159, 20.622196], [-103.246531, 20.620846], [-103.246719, 20.620162], [-103.245278, 20.619809], [-103.245497, 20.619032], [-103.245744, 20.618153], [-103.245767, 20.618069], [-103.245898, 20.617529], [-103.246, 20.617134], [-103.24605, 20.6169], [-103.246283, 20.615938], [-103.248559, 20.616175], [-103.248796, 20.616198], [-103.24985, 20.616297], [-103.252827, 20.61658], [-103.251425, 20.617252], [-103.251399, 20.617324], [-103.251397, 20.617481], [-103.251959, 20.617558], [-103.252024, 20.618447], [-103.252461, 20.618431], [-103.252465, 20.618901], [-103.252464, 20.619382], [-103.252475, 20.619995], [-103.252647, 20.620444], [-103.252805, 20.620858], [-103.252819, 20.620893], [-103.252827, 20.620914], [-103.253006, 20.621383], [-103.253269, 20.621769]]]}}, {"type": "Feature", "id": 2694, "properties": {"section_num": 2694, "name": "Secci\u00f3n 2694", "municipality": "Tonal\u00e1", "municipalityCode": 102, "districtFederal": 20, "districtLocal": 20, "tipo": 2}, "geometry": {"type": "Polygon", "coordinates": [[[-103.246159, 20.622196], [-103.244704, 20.621858], [-103.24509, 20.62052], [-103.24429, 20.620337], [-103.243635, 20.620188], [-103.24242, 20.619911], [-103.242582, 20.619183], [-103.242812, 20.61815], [-103.242912, 20.617698], [-103.243078, 20.616861], [-103.24317, 20.616397], [-103.243302, 20.615726], [-103.243658, 20.615751], [-103.244168, 20.615787], [-103.244678, 20.615824], [-103.244793, 20.615832], [-103.245578, 20.615888], [-103.245806, 20.615904], [-103.246283, 20.615938], [-103.24605, 20.6169], [-103.246, 20.617134], [-103.245898, 20.617529], [-103.245767, 20.618069], [-103.245744, 20.618153], [-103.245497, 20.619032], [-103.245278, 20.619809], [-103.246719, 20.620162], [-103.246531, 20.620846], [-103.246159, 20.622196]]]}}, {"type": "Feature", "id": 2695, "properties": {"section_num": 2695, "name": "Secci\u00f3n 2695", "municipality": "Tonal\u00e1", "municipalityCode": 102, "districtFederal": 20, "districtLocal": 20, "tipo": 3}, "geometry": {"type": "Polygon", "coordinates": [[[-103.23282, 20.604444], [-103.233067, 20.604204], [-103.233167, 20.60403], [-103.233151, 20.603739], [-103.233324, 20.603566], [-103.233441, 20.603367], [-103.233498, 20.603229], [-103.23501, 20.603502], [-103.235068, 20.603506], [-103.235061, 20.602883], [-103.235436, 20.601252], [-103.235624, 20.600309], [-103.235669, 20.600099], [-103.235881, 20.600168], [-103.238643, 20.601002], [-103.239432, 20.601194], [-103.239614, 20.602115], [-103.239859, 20.60327], [-103.239983, 20.603612], [-103.240187, 20.604133], [-103.240474, 20.604789], [-103.241248, 20.606655], [-103.241824, 20.608081], [-103.242018, 20.608532], [-103.242177, 20.608936], [-103.242789, 20.60916], [-103.242884, 20.609193], [-103.243539, 20.609424], [-103.243974, 20.609577], [-103.244038, 20.609417], [-103.244336, 20.608652], [-103.244428, 20.608186], [-103.244458, 20.607661], [-103.245691, 20.608102], [-103.245748, 20.60813], [-103.245773, 20.608058], [-103.245805, 20.607951], [-103.245838, 20.607879], [-103.245859, 20.607843], [-103.245902, 20.607811], [-103.246072, 20.607738], [-103.24612, 20.607733], [-103.246199, 20.607745], [-103.246639, 20.607952], [-103.246699, 20.607971], [-103.246735, 20.607955], [-103.246794, 20.607973], [-103.24683, 20.60796], [-103.24703, 20.608064], [-103.24715, 20.608062], [-103.247192, 20.608093], [-103.247594, 20.60819], [-103.248107, 20.608235], [-103.248652, 20.608253], [-103.248742, 20.608257], [-103.248871, 20.608637], [-103.249037, 20.608874], [-103.249038, 20.60937], [-103.248965, 20.609545], [-103.248855, 20.609938], [-103.248878, 20.610119], [-103.24876, 20.611087], [-103.248999, 20.611112], [-103.249015, 20.6131], [-103.249016, 20.613304], [-103.249221, 20.614121], [-103.249316, 20.614858], [-103.248969, 20.615035], [-103.248605, 20.615477], [-103.248569, 20.616023], [-103.248559, 20.616175], [-103.246283, 20.615938], [-103.245806, 20.615904], [-103.245578, 20.615888], [-103.244793, 20.615832], [-103.244678, 20.615824], [-103.244168, 20.615787], [-103.243658, 20.615751], [-103.243302, 20.615726], [-103.243176, 20.615716], [-103.242584, 20.615673], [-103.24087, 20.615546], [-103.240907, 20.616236], [-103.240821, 20.616324], [-103.240945, 20.61645], [-103.241138, 20.616521], [-103.241291, 20.616587], [-103.24102, 20.617664], [-103.240241, 20.61746], [-103.239672, 20.617312], [-103.239198, 20.617275], [-103.238663, 20.617233], [-103.238527, 20.617715], [-103.2384, 20.618167], [-103.238204, 20.618859], [-103.2381, 20.619236], [-103.237996, 20.619614], [-103.236984, 20.619334], [-103.23678, 20.620074], [-103.236427, 20.619995], [-103.235695, 20.619831], [-103.235147, 20.619709], [-103.234655, 20.619599], [-103.234506, 20.620084], [-103.234358, 20.620569], [-103.233657, 20.620468], [-103.232958, 20.620367], [-103.232419, 20.62029], [-103.2323, 20.619966], [-103.232241, 20.619805], [-103.232096, 20.619551], [-103.232042, 20.61946], [-103.23188, 20.619296], [-103.231763, 20.61923], [-103.23167, 20.619177], [-103.231438, 20.619044], [-103.230822, 20.618722], [-103.230538, 20.618609], [-103.229772, 20.618303], [-103.229624, 20.618245], [-103.229545, 20.618217], [-103.229442, 20.618201], [-103.22896, 20.618241], [-103.228736, 20.618259], [-103.22839, 20.618287], [-103.227975, 20.618318], [-103.227822, 20.618317], [-103.227739, 20.618269], [-103.227657, 20.618222], [-103.227413, 20.618141], [-103.227115, 20.618069], [-103.226153, 20.618008], [-103.224332, 20.618266], [-103.224107, 20.618394], [-103.223762, 20.618714], [-103.222818, 20.619792], [-103.22266, 20.620111], [-103.22245, 20.620681], [-103.223046, 20.620326], [-103.223632, 20.62005], [-103.22377, 20.620038], [-103.223868, 20.620099], [-103.22402, 20.62038], [-103.22411, 20.620436], [-103.22421, 20.62046], [-103.224383, 20.620453], [-103.224605, 20.620453], [-103.225304, 20.620622], [-103.22543, 20.620707], [-103.225738, 20.621099], [-103.225836, 20.621159], [-103.225986, 20.621238], [-103.226183, 20.621334], [-103.22644, 20.621633], [-103.226495, 20.621807], [-103.226501, 20.621892], [-103.226447, 20.621988], [-103.226367, 20.622076], [-103.226252, 20.622178], [-103.22607, 20.622421], [-103.225978, 20.622783], [-103.225841, 20.623059], [-103.225891, 20.623202], [-103.226003, 20.623319], [-103.226017, 20.623456], [-103.22575, 20.623843], [-103.225537, 20.624129], [-103.225196, 20.624368], [-103.225097, 20.624493], [-103.225107, 20.624607], [-103.225116, 20.624721], [-103.22537, 20.624643], [-103.225779, 20.624556], [-103.226241, 20.624525], [-103.226537, 20.624468], [-103.226773, 20.624551], [-103.226868, 20.624673], [-103.226914, 20.62483], [-103.226886, 20.624987], [-103.226917, 20.625104], [-103.226979, 20.625261], [-103.227, 20.625357], [-103.22698, 20.625418], [-103.226961, 20.625478], [-103.226797, 20.625679], [-103.226762, 20.625916], [-103.226775, 20.626169], [-103.226882, 20.626342], [-103.227144, 20.626461], [-103.227005, 20.626667], [-103.226841, 20.626834], [-103.226722, 20.626941], [-103.226234, 20.627326], [-103.225437, 20.627955], [-103.225308, 20.628076], [-103.22453, 20.628811], [-103.224083, 20.629234], [-103.224032, 20.629282], [-103.222832, 20.630335], [-103.222439, 20.630798], [-103.222281, 20.631059], [-103.222197, 20.631267], [-103.222105, 20.631274], [-103.222049, 20.631201], [-103.222083, 20.630876], [-103.222299, 20.630243], [-103.222538, 20.629628], [-103.222568, 20.629463], [-103.222511, 20.629364], [-103.222391, 20.62934], [-103.222242, 20.629414], [-103.220929, 20.630785], [-103.220751, 20.630853], [-103.22055, 20.63083], [-103.218194, 20.629491], [-103.217732, 20.62919], [-103.217328, 20.629003], [-103.217001, 20.628923], [-103.216848, 20.628835], [-103.217994, 20.627001], [-103.21553, 20.627341], [-103.215457, 20.627257], [-103.215354, 20.627302], [-103.215279, 20.627419], [-103.215215, 20.627484], [-103.215111, 20.627506], [-103.21503, 20.627593], [-103.214937, 20.627635], [-103.214691, 20.627732], [-103.214051, 20.627988], [-103.213644, 20.628184], [-103.213462, 20.628236], [-103.212992, 20.628181], [-103.212863, 20.628186], [-103.212703, 20.628242], [-103.212344, 20.628663], [-103.212149, 20.628848], [-103.211987, 20.628879], [-103.211725, 20.628904], [-103.211352, 20.629053], [-103.211096, 20.629193], [-103.210809, 20.629302], [-103.210606, 20.629307], [-103.210488, 20.629266], [-103.210427, 20.62919], [-103.210412, 20.629007], [-103.210343, 20.628885], [-103.210225, 20.628735], [-103.210076, 20.628633], [-103.209879, 20.628526], [-103.209673, 20.628493], [-103.209529, 20.628408], [-103.20937, 20.628232], [-103.209148, 20.628073], [-103.20886, 20.627989], [-103.208504, 20.627933], [-103.20802, 20.62789], [-103.207671, 20.627917], [-103.207179, 20.627813], [-103.206723, 20.627647], [-103.206337, 20.627471], [-103.206065, 20.627254], [-103.205859, 20.626963], [-103.205753, 20.6268], [-103.205634, 20.626703], [-103.205483, 20.626689], [-103.205243, 20.626834], [-103.204803, 20.627013], [-103.204519, 20.627138], [-103.204296, 20.627166], [-103.204148, 20.627121], [-103.20404, 20.626981], [-103.204048, 20.626801], [-103.204232, 20.626577], [-103.204269, 20.626447], [-103.204219, 20.626315], [-103.204093, 20.626239], [-103.20382, 20.62613], [-103.203525, 20.626107], [-103.203327, 20.626136], [-103.202774, 20.626279], [-103.202371, 20.626461], [-103.202153, 20.626695], [-103.20196, 20.626941], [-103.201763, 20.627155], [-103.201568, 20.627195], [-103.201311, 20.627034], [-103.201112, 20.627239], [-103.201025, 20.627429], [-103.201097, 20.627705], [-103.201195, 20.627943], [-103.20102, 20.628067], [-103.200804, 20.628055], [-103.200305, 20.628261], [-103.199997, 20.628534], [-103.199912, 20.628764], [-103.199914, 20.629165], [-103.199963, 20.629424], [-103.200113, 20.629782], [-103.200305, 20.630036], [-103.200323, 20.630175], [-103.200153, 20.630369], [-103.200016, 20.630342], [-103.199656, 20.630115], [-103.198876, 20.630239], [-103.19873, 20.630199], [-103.198737, 20.630108], [-103.19879, 20.629955], [-103.198752, 20.629742], [-103.198655, 20.629559], [-103.198507, 20.629445], [-103.198359, 20.629434], [-103.19828, 20.629563], [-103.198136, 20.629641], [-103.198017, 20.629844], [-103.197939, 20.630143], [-103.19782, 20.630334], [-103.197669, 20.630428], [-103.197535, 20.63041], [-103.197505, 20.630292], [-103.197469, 20.62978], [-103.197491, 20.62933], [-103.197567, 20.628973], [-103.197528, 20.628832], [-103.197369, 20.628786], [-103.197218, 20.628832], [-103.197075, 20.629083], [-103.19696, 20.629373], [-103.196621, 20.629704], [-103.19602, 20.629919], [-103.195868, 20.629824], [-103.195852, 20.629708], [-103.195884, 20.629611], [-103.195616, 20.629353], [-103.195267, 20.629526], [-103.195034, 20.629323], [-103.194892, 20.629298], [-103.194794, 20.629362], [-103.194776, 20.629465], [-103.194834, 20.629604], [-103.19475, 20.629775], [-103.194475, 20.629879], [-103.194284, 20.63061], [-103.193942, 20.630639], [-103.193281, 20.630598], [-103.192728, 20.630809], [-103.191943, 20.630942], [-103.191095, 20.630922], [-103.190653, 20.630917], [-103.19034, 20.631043], [-103.189506, 20.631807], [-103.188752, 20.632009], [-103.18849, 20.631965], [-103.188435, 20.631794], [-103.188666, 20.631412], [-103.18886, 20.631206], [-103.188965, 20.630949], [-103.188978, 20.630786], [-103.18893, 20.630731], [-103.188831, 20.630719], [-103.188249, 20.630781], [-103.187943, 20.630793], [-103.187708, 20.631144], [-103.18746, 20.631376], [-103.187402, 20.631516], [-103.187389, 20.631729], [-103.187661, 20.632141], [-103.187692, 20.632304], [-103.187753, 20.632421], [-103.187666, 20.632551], [-103.187471, 20.632671], [-103.187251, 20.632681], [-103.186964, 20.632635], [-103.186654, 20.632748], [-103.186439, 20.633129], [-103.185985, 20.632043], [-103.185587, 20.631075], [-103.185356, 20.629642], [-103.185065, 20.629351], [-103.184544, 20.629127], [-103.184252, 20.629001], [-103.183307, 20.629093], [-103.180732, 20.629229], [-103.179733, 20.629512], [-103.178791, 20.630044], [-103.177902, 20.630508], [-103.177196, 20.630834], [-103.176195, 20.631449], [-103.175784, 20.63157], [-103.175374, 20.631527], [-103.174851, 20.630821], [-103.17474, 20.62987], [-103.174694, 20.628822], [-103.17464, 20.628077], [-103.17435, 20.627621], [-103.174058, 20.627454], [-103.173824, 20.627411], [-103.173648, 20.627369], [-103.172998, 20.627338], [-103.172353, 20.62721], [-103.171715, 20.62711], [-103.171301, 20.626791], [-103.170952, 20.626334], [-103.170616, 20.62483], [-103.170737, 20.623481], [-103.170682, 20.622944], [-103.170888, 20.62231], [-103.17201, 20.622062], [-103.172725, 20.621992], [-103.173833, 20.62187], [-103.175515, 20.622702], [-103.17688, 20.622534], [-103.178105, 20.622067], [-103.180185, 20.621033], [-103.180934, 20.62097], [-103.181434, 20.620918], [-103.182846, 20.620981], [-103.183423, 20.621226], [-103.183741, 20.621137], [-103.183923, 20.62131], [-103.183928, 20.621469], [-103.183881, 20.621666], [-103.184003, 20.621689], [-103.184171, 20.621568], [-103.184573, 20.620334], [-103.185218, 20.619635], [-103.185498, 20.619508], [-103.185737, 20.619628], [-103.185951, 20.619669], [-103.186322, 20.619607], [-103.186619, 20.619227], [-103.186895, 20.61864], [-103.187091, 20.617049], [-103.187255, 20.616782], [-103.187227, 20.616413], [-103.18703, 20.615801], [-103.187196, 20.614856], [-103.187824, 20.613641], [-103.187126, 20.613508], [-103.184439, 20.613106], [-103.184777, 20.612257], [-103.183845, 20.61211], [-103.186198, 20.60423], [-103.185134, 20.602626], [-103.18462, 20.602451], [-103.183998, 20.602311], [-103.183834, 20.602351], [-103.18351, 20.602662], [-103.183147, 20.603166], [-103.182706, 20.603205], [-103.182667, 20.603469], [-103.182384, 20.603448], [-103.182327, 20.603346], [-103.182367, 20.603231], [-103.181995, 20.603286], [-103.181502, 20.603151], [-103.181198, 20.603176], [-103.1809, 20.603122], [-103.180198, 20.602953], [-103.179494, 20.60299], [-103.177481, 20.602925], [-103.177144, 20.602719], [-103.176697, 20.602636], [-103.176677, 20.60279], [-103.176603, 20.602835], [-103.176223, 20.602937], [-103.175917, 20.602757], [-103.175749, 20.602622], [-103.175626, 20.602567], [-103.175255, 20.602537], [-103.17511, 20.602511], [-103.174821, 20.602382], [-103.174746, 20.602269], [-103.174618, 20.602191], [-103.173766, 20.602204], [-103.173407, 20.602038], [-103.173289, 20.601875], [-103.172803, 20.601666], [-103.172246, 20.601836], [-103.172068, 20.60371], [-103.170527, 20.603093], [-103.170257, 20.602989], [-103.169948, 20.602871], [-103.169622, 20.602733], [-103.169285, 20.602593], [-103.168848, 20.602438], [-103.168728, 20.602486], [-103.167176, 20.602252], [-103.167153, 20.602248], [-103.16718, 20.602073], [-103.167545, 20.602126], [-103.167913, 20.60218], [-103.167994, 20.60173], [-103.16809, 20.601176], [-103.167907, 20.601146], [-103.167963, 20.600906], [-103.167386, 20.600855], [-103.166974, 20.60083], [-103.166557, 20.600804], [-103.166154, 20.60075], [-103.165812, 20.60057], [-103.165788, 20.600416], [-103.164482, 20.599341], [-103.164159, 20.598981], [-103.163659, 20.598738], [-103.163575, 20.598626], [-103.163738, 20.596331], [-103.162825, 20.5967], [-103.162007, 20.596184], [-103.162891, 20.595791], [-103.162797, 20.595006], [-103.163194, 20.594739], [-103.163743, 20.594674], [-103.164088, 20.594837], [-103.164518, 20.594739], [-103.165154, 20.594099], [-103.165761, 20.594482], [-103.166215, 20.59422], [-103.166785, 20.594244], [-103.16722, 20.594562], [-103.167463, 20.594604], [-103.167893, 20.594328], [-103.168215, 20.594534], [-103.16844, 20.594823], [-103.168697, 20.594893], [-103.168968, 20.594791], [-103.170027, 20.594363], [-103.170244, 20.594508], [-103.170648, 20.594639], [-103.170389, 20.593515], [-103.170946, 20.592401], [-103.171265, 20.592106], [-103.172481, 20.590283], [-103.1732, 20.590133], [-103.174004, 20.589152], [-103.174841, 20.58889], [-103.175823, 20.587964], [-103.176553, 20.586936], [-103.185307, 20.590152], [-103.189878, 20.59162], [-103.19603, 20.593546], [-103.196069, 20.59397], [-103.198087, 20.596238], [-103.198407, 20.595778], [-103.203381, 20.597179], [-103.206616, 20.598091], [-103.211325, 20.599417], [-103.21246, 20.602312], [-103.212755, 20.602556], [-103.214572, 20.601724], [-103.214838, 20.601774], [-103.214843, 20.602094], [-103.21531, 20.602132], [-103.215599, 20.602188], [-103.217072, 20.602201], [-103.217305, 20.602075], [-103.217525, 20.602168], [-103.217617, 20.602077], [-103.21788, 20.602076], [-103.217899, 20.602076], [-103.218086, 20.602081], [-103.218126, 20.602395], [-103.218327, 20.602379], [-103.218356, 20.602377], [-103.21848, 20.602175], [-103.218683, 20.60217], [-103.218881, 20.602226], [-103.219232, 20.602226], [-103.219283, 20.60225], [-103.219431, 20.602365], [-103.219443, 20.602468], [-103.219409, 20.602633], [-103.2194, 20.602707], [-103.219902, 20.602669], [-103.220116, 20.602483], [-103.220399, 20.602393], [-103.22055, 20.602448], [-103.220732, 20.602613], [-103.220911, 20.602548], [-103.221005, 20.602496], [-103.221057, 20.602548], [-103.22104, 20.602595], [-103.220744, 20.602925], [-103.220495, 20.603073], [-103.220202, 20.603213], [-103.221047, 20.60346], [-103.221254, 20.603362], [-103.221558, 20.603279], [-103.221531, 20.603652], [-103.221868, 20.60372], [-103.221963, 20.603706], [-103.221986, 20.60347], [-103.222505, 20.603612], [-103.222545, 20.60338], [-103.223252, 20.603486], [-103.223286, 20.603527], [-103.223062, 20.604871], [-103.223572, 20.604958], [-103.224128, 20.605053], [-103.224475, 20.604784], [-103.226309, 20.605157], [-103.226911, 20.605112], [-103.227709, 20.604898], [-103.228404, 20.604318], [-103.229185, 20.60465], [-103.229876, 20.605315], [-103.230145, 20.605136], [-103.230573, 20.60493], [-103.231312, 20.604753], [-103.231529, 20.604552], [-103.231831, 20.604454], [-103.231992, 20.604503], [-103.23282, 20.604444]]]}}, {"type": "Feature", "id": 2696, "properties": {"section_num": 2696, "name": "Secci\u00f3n 2696", "municipality": "Tonal\u00e1", "municipalityCode": 102, "districtFederal": 20, "districtLocal": 20, "tipo": 2}, "geometry": {"type": "Polygon", "coordinates": [[[-103.24242, 20.619911], [-103.241221, 20.619612], [-103.240559, 20.619447], [-103.239773, 20.61925], [-103.238204, 20.618859], [-103.2384, 20.618167], [-103.238527, 20.617715], [-103.238663, 20.617233], [-103.239198, 20.617275], [-103.239672, 20.617312], [-103.240241, 20.61746], [-103.24102, 20.617664], [-103.241291, 20.616587], [-103.241138, 20.616521], [-103.240945, 20.61645], [-103.240821, 20.616324], [-103.240907, 20.616236], [-103.24087, 20.615546], [-103.242584, 20.615673], [-103.243176, 20.615716], [-103.243302, 20.615726], [-103.24317, 20.616397], [-103.243078, 20.616861], [-103.242912, 20.617698], [-103.242812, 20.61815], [-103.242582, 20.619183], [-103.24242, 20.619911]]]}}, {"type": "Feature", "id": 2712, "properties": {"section_num": 2712, "name": "Secci\u00f3n 2712", "municipality": "Tonal\u00e1", "municipalityCode": 102, "districtFederal": 20, "districtLocal": 20, "tipo": 2}, "geometry": {"type": "Polygon", "coordinates": [[[-103.265081, 20.626924], [-103.265002, 20.626708], [-103.264928, 20.626484], [-103.264914, 20.626443], [-103.264819, 20.626232], [-103.264724, 20.62607], [-103.264651, 20.625967], [-103.264396, 20.625746], [-103.264214, 20.625666], [-103.263953, 20.625634], [-103.263597, 20.62559], [-103.263604, 20.624992], [-103.26361, 20.624496], [-103.263614, 20.624099], [-103.263526, 20.623803], [-103.263517, 20.623603], [-103.263718, 20.623019], [-103.263919, 20.622434], [-103.26448, 20.622603], [-103.264955, 20.622745], [-103.26507, 20.62278], [-103.265616, 20.622944], [-103.265824, 20.622287], [-103.266065, 20.621384], [-103.266305, 20.620481], [-103.266579, 20.620563], [-103.26726, 20.620765], [-103.267541, 20.619971], [-103.267656, 20.619649], [-103.267671, 20.619598], [-103.267751, 20.619323], [-103.26789, 20.618848], [-103.268777, 20.618982], [-103.269125, 20.619034], [-103.270081, 20.619276], [-103.270829, 20.619527], [-103.271779, 20.619936], [-103.271624, 20.620165], [-103.271443, 20.620533], [-103.271302, 20.620847], [-103.271291, 20.620985], [-103.271185, 20.621715], [-103.271134, 20.622301], [-103.271145, 20.62245], [-103.271148, 20.62249], [-103.271155, 20.622529], [-103.271218, 20.622869], [-103.2713, 20.623205], [-103.271381, 20.623453], [-103.271479, 20.623754], [-103.271524, 20.623889], [-103.271592, 20.624082], [-103.271688, 20.624352], [-103.271759, 20.624651], [-103.271805, 20.624886], [-103.271839, 20.62514], [-103.271841, 20.625377], [-103.271788, 20.626324], [-103.271422, 20.626282], [-103.27074, 20.626203], [-103.270385, 20.626161], [-103.270248, 20.62613], [-103.27021, 20.626114], [-103.27025, 20.625969], [-103.270142, 20.625995], [-103.269851, 20.626065], [-103.269492, 20.626162], [-103.269271, 20.626221], [-103.267858, 20.626601], [-103.267715, 20.626142], [-103.266029, 20.626642], [-103.265905, 20.626679], [-103.265869, 20.62669], [-103.265081, 20.626924]]]}}, {"type": "Feature", "id": 2713, "properties": {"section_num": 2713, "name": "Secci\u00f3n 2713", "municipality": "Tonal\u00e1", "municipalityCode": 102, "districtFederal": 20, "districtLocal": 20, "tipo": 2}, "geometry": {"type": "Polygon", "coordinates": [[[-103.264574, 20.627198], [-103.264342, 20.626443], [-103.26431, 20.626387], [-103.264278, 20.626332], [-103.264217, 20.626275], [-103.264156, 20.626217], [-103.263943, 20.626113], [-103.263862, 20.626143], [-103.263843, 20.626346], [-103.263605, 20.626357], [-103.262089, 20.626426], [-103.262072, 20.626243], [-103.26205, 20.626003], [-103.262046, 20.62596], [-103.262035, 20.625842], [-103.261989, 20.62535], [-103.26198, 20.625267], [-103.261803, 20.6248], [-103.261657, 20.624412], [-103.26141, 20.623762], [-103.261261, 20.623368], [-103.261086, 20.622904], [-103.261048, 20.622803], [-103.260987, 20.622696], [-103.260734, 20.622251], [-103.261117, 20.621899], [-103.260808, 20.621643], [-103.260883, 20.621636], [-103.261061, 20.621619], [-103.26221, 20.621947], [-103.262532, 20.622039], [-103.263427, 20.622294], [-103.263919, 20.622434], [-103.263718, 20.623019], [-103.263517, 20.623603], [-103.263526, 20.623803], [-103.263614, 20.624099], [-103.26361, 20.624496], [-103.263604, 20.624992], [-103.263597, 20.62559], [-103.263953, 20.625634], [-103.264214, 20.625666], [-103.264396, 20.625746], [-103.264651, 20.625967], [-103.264724, 20.62607], [-103.264819, 20.626232], [-103.264914, 20.626443], [-103.264928, 20.626484], [-103.265002, 20.626708], [-103.265081, 20.626924], [-103.26513, 20.627059], [-103.264574, 20.627198]]]}}, {"type": "Feature", "id": 2716, "properties": {"section_num": 2716, "name": "Secci\u00f3n 2716", "municipality": "Tonal\u00e1", "municipalityCode": 102, "districtFederal": 20, "districtLocal": 20, "tipo": 2}, "geometry": {"type": "Polygon", "coordinates": [[[-103.253269, 20.621769], [-103.253006, 20.621383], [-103.252827, 20.620914], [-103.252819, 20.620893], [-103.252805, 20.620858], [-103.252647, 20.620444], [-103.252475, 20.619995], [-103.253449, 20.620083], [-103.25408, 20.62014], [-103.254957, 20.620073], [-103.255391, 20.620034], [-103.255897, 20.620216], [-103.256338, 20.620374], [-103.256779, 20.620533], [-103.257078, 20.620584], [-103.257152, 20.620596], [-103.257973, 20.620735], [-103.25858, 20.620838], [-103.259092, 20.620937], [-103.25897, 20.621211], [-103.260228, 20.621455], [-103.260424, 20.621493], [-103.260808, 20.621643], [-103.261117, 20.621899], [-103.260734, 20.622251], [-103.260987, 20.622696], [-103.261048, 20.622803], [-103.261086, 20.622904], [-103.261261, 20.623368], [-103.26141, 20.623762], [-103.261657, 20.624412], [-103.261803, 20.6248], [-103.26198, 20.625267], [-103.261989, 20.62535], [-103.260914, 20.625197], [-103.260432, 20.625129], [-103.260293, 20.625109], [-103.260027, 20.625071], [-103.259572, 20.625006], [-103.259122, 20.624942], [-103.258673, 20.624879], [-103.25839, 20.624838], [-103.257929, 20.624773], [-103.257467, 20.624707], [-103.257109, 20.624655], [-103.256956, 20.624633], [-103.256379, 20.624549], [-103.256169, 20.624498], [-103.256026, 20.624436], [-103.255951, 20.624398], [-103.25591, 20.624378], [-103.255823, 20.624324], [-103.255637, 20.62414], [-103.255538, 20.624042], [-103.255304, 20.62381], [-103.255102, 20.623609], [-103.254981, 20.62349], [-103.254741, 20.623252], [-103.254652, 20.623163], [-103.254383, 20.622896], [-103.254344, 20.622858], [-103.254024, 20.622541], [-103.25367, 20.622189], [-103.253316, 20.621837], [-103.253269, 20.621769]]]}}, {"type": "Feature", "id": 2717, "properties": {"section_num": 2717, "name": "Secci\u00f3n 2717", "municipality": "Tonal\u00e1", "municipalityCode": 102, "districtFederal": 20, "districtLocal": 20, "tipo": 2}, "geometry": {"type": "Polygon", "coordinates": [[[-103.248855, 20.609938], [-103.249179, 20.609575], [-103.249243, 20.609546], [-103.249331, 20.60955], [-103.249547, 20.609629], [-103.249691, 20.609643], [-103.249915, 20.609549], [-103.250037, 20.609447], [-103.250397, 20.609511], [-103.250996, 20.609495], [-103.251001, 20.609542], [-103.250983, 20.60967], [-103.25091, 20.610223], [-103.251057, 20.610241], [-103.251157, 20.610251], [-103.251449, 20.61028], [-103.251442, 20.610313], [-103.251501, 20.610321], [-103.251757, 20.610353], [-103.251911, 20.610372], [-103.252067, 20.610392], [-103.25234, 20.610426], [-103.25241, 20.610607], [-103.25278, 20.610664], [-103.253154, 20.610726], [-103.254524, 20.610953], [-103.25599, 20.610884], [-103.257299, 20.611294], [-103.257259, 20.611936], [-103.257943, 20.611936], [-103.258313, 20.611933], [-103.258683, 20.611929], [-103.258731, 20.611927], [-103.262446, 20.611777], [-103.262429, 20.612838], [-103.262425, 20.613236], [-103.262424, 20.613416], [-103.262422, 20.613632], [-103.262418, 20.614051], [-103.262414, 20.6145], [-103.26241, 20.614926], [-103.262402, 20.615788], [-103.262813, 20.615952], [-103.263085, 20.61606], [-103.263112, 20.616373], [-103.263131, 20.616582], [-103.26324, 20.617381], [-103.263259, 20.617516], [-103.263181, 20.617581], [-103.263049, 20.617661], [-103.262953, 20.617745], [-103.262869, 20.617819], [-103.262811, 20.617914], [-103.262756, 20.618015], [-103.262705, 20.618122], [-103.262586, 20.618246], [-103.262407, 20.618395], [-103.262321, 20.618476], [-103.26221, 20.618538], [-103.262123, 20.618572], [-103.262013, 20.618615], [-103.26174, 20.61863], [-103.261523, 20.618588], [-103.260503, 20.618119], [-103.260342, 20.618045], [-103.259278, 20.618087], [-103.25858, 20.620838], [-103.257973, 20.620735], [-103.257152, 20.620596], [-103.257078, 20.620584], [-103.256779, 20.620533], [-103.256338, 20.620374], [-103.255897, 20.620216], [-103.255391, 20.620034], [-103.254957, 20.620073], [-103.25408, 20.62014], [-103.253449, 20.620083], [-103.252475, 20.619995], [-103.252464, 20.619382], [-103.252465, 20.618901], [-103.252461, 20.618431], [-103.252024, 20.618447], [-103.251959, 20.617558], [-103.251397, 20.617481], [-103.251399, 20.617324], [-103.251425, 20.617252], [-103.252827, 20.61658], [-103.24985, 20.616297], [-103.248796, 20.616198], [-103.248559, 20.616175], [-103.248569, 20.616023], [-103.248605, 20.615477], [-103.248969, 20.615035], [-103.249316, 20.614858], [-103.249221, 20.614121], [-103.249016, 20.613304], [-103.249015, 20.6131], [-103.248999, 20.611112], [-103.24876, 20.611087], [-103.248878, 20.610119], [-103.248855, 20.609938]]]}}, {"type": "Feature", "id": 2718, "properties": {"section_num": 2718, "name": "Secci\u00f3n 2718", "municipality": "Tonal\u00e1", "municipalityCode": 102, "districtFederal": 20, "districtLocal": 20, "tipo": 2}, "geometry": {"type": "Polygon", "coordinates": [[[-103.26645, 20.618645], [-103.267319, 20.618767], [-103.26789, 20.618848], [-103.267751, 20.619323], [-103.267671, 20.619598], [-103.267656, 20.619649], [-103.267541, 20.619971], [-103.26726, 20.620765], [-103.266579, 20.620563], [-103.266305, 20.620481], [-103.266065, 20.621384], [-103.265824, 20.622287], [-103.265616, 20.622944], [-103.26507, 20.62278], [-103.264955, 20.622745], [-103.26448, 20.622603], [-103.263919, 20.622434], [-103.263427, 20.622294], [-103.262532, 20.622039], [-103.26221, 20.621947], [-103.261061, 20.621619], [-103.260883, 20.621636], [-103.260808, 20.621643], [-103.260424, 20.621493], [-103.260228, 20.621455], [-103.25897, 20.621211], [-103.259092, 20.620937], [-103.25858, 20.620838], [-103.259278, 20.618087], [-103.260342, 20.618045], [-103.260503, 20.618119], [-103.261523, 20.618588], [-103.26174, 20.61863], [-103.262013, 20.618615], [-103.262123, 20.618572], [-103.26221, 20.618538], [-103.262321, 20.618476], [-103.262407, 20.618395], [-103.262586, 20.618246], [-103.262705, 20.618122], [-103.26645, 20.618645]]]}}, {"type": "Feature", "id": 2719, "properties": {"section_num": 2719, "name": "Secci\u00f3n 2719", "municipality": "Tonal\u00e1", "municipalityCode": 102, "districtFederal": 20, "districtLocal": 20, "tipo": 2}, "geometry": {"type": "Polygon", "coordinates": [[[-103.272299, 20.611953], [-103.272555, 20.611961], [-103.272885, 20.61195], [-103.273221, 20.611947], [-103.27395, 20.611985], [-103.274658, 20.612013], [-103.274666, 20.611836], [-103.275725, 20.611867], [-103.275744, 20.611972], [-103.276302, 20.61199], [-103.276222, 20.612627], [-103.276119, 20.613406], [-103.278805, 20.613605], [-103.280318, 20.613631], [-103.280236, 20.614349], [-103.278848, 20.614275], [-103.276939, 20.614172], [-103.276934, 20.614848], [-103.27664, 20.614841], [-103.276561, 20.615306], [-103.276539, 20.615511], [-103.276487, 20.616013], [-103.276399, 20.616861], [-103.276059, 20.616886], [-103.275273, 20.616945], [-103.274147, 20.616946], [-103.274038, 20.616946], [-103.273821, 20.617658], [-103.273786, 20.617713], [-103.272622, 20.618403], [-103.272397, 20.618643], [-103.271779, 20.619936], [-103.270829, 20.619527], [-103.270081, 20.619276], [-103.269125, 20.619034], [-103.268777, 20.618982], [-103.26789, 20.618848], [-103.267319, 20.618767], [-103.26645, 20.618645], [-103.266466, 20.618487], [-103.266459, 20.61844], [-103.266452, 20.618393], [-103.266405, 20.61834], [-103.266347, 20.618303], [-103.266348, 20.618232], [-103.266357, 20.617543], [-103.266716, 20.617504], [-103.266827, 20.617251], [-103.267043, 20.616759], [-103.267106, 20.616614], [-103.267171, 20.616466], [-103.267371, 20.616012], [-103.267928, 20.615953], [-103.26851, 20.615919], [-103.269201, 20.615894], [-103.269316, 20.615347], [-103.269421, 20.614852], [-103.26949, 20.614459], [-103.269565, 20.61404], [-103.269619, 20.613554], [-103.269674, 20.613112], [-103.269719, 20.612723], [-103.269763, 20.612353], [-103.269835, 20.612373], [-103.269938, 20.612492], [-103.270009, 20.61259], [-103.270175, 20.61269], [-103.270347, 20.612606], [-103.270377, 20.612592], [-103.270432, 20.612565], [-103.270686, 20.61243], [-103.270764, 20.612388], [-103.270882, 20.612325], [-103.270904, 20.612298], [-103.271002, 20.612179], [-103.271389, 20.612007], [-103.271503, 20.611928], [-103.272299, 20.611953]]]}}, {"type": "Feature", "id": 2720, "properties": {"section_num": 2720, "name": "Secci\u00f3n 2720", "municipality": "Tonal\u00e1", "municipalityCode": 102, "districtFederal": 20, "districtLocal": 20, "tipo": 2}, "geometry": {"type": "Polygon", "coordinates": [[[-103.262446, 20.611777], [-103.264282, 20.611702], [-103.271503, 20.611928], [-103.271389, 20.612007], [-103.271002, 20.612179], [-103.270904, 20.612298], [-103.270882, 20.612325], [-103.270764, 20.612388], [-103.270686, 20.61243], [-103.270432, 20.612565], [-103.270377, 20.612592], [-103.270347, 20.612606], [-103.270175, 20.61269], [-103.270009, 20.61259], [-103.269938, 20.612492], [-103.269835, 20.612373], [-103.269763, 20.612353], [-103.269719, 20.612723], [-103.269674, 20.613112], [-103.269619, 20.613554], [-103.269565, 20.61404], [-103.26949, 20.614459], [-103.269421, 20.614852], [-103.269316, 20.615347], [-103.269201, 20.615894], [-103.26851, 20.615919], [-103.267928, 20.615953], [-103.267371, 20.616012], [-103.267171, 20.616466], [-103.267106, 20.616614], [-103.267043, 20.616759], [-103.266827, 20.617251], [-103.266716, 20.617504], [-103.266357, 20.617543], [-103.266348, 20.618232], [-103.266347, 20.618303], [-103.266405, 20.61834], [-103.266452, 20.618393], [-103.266459, 20.61844], [-103.266466, 20.618487], [-103.26645, 20.618645], [-103.262705, 20.618122], [-103.262756, 20.618015], [-103.262811, 20.617914], [-103.262869, 20.617819], [-103.262953, 20.617745], [-103.263049, 20.617661], [-103.263181, 20.617581], [-103.263259, 20.617516], [-103.26324, 20.617381], [-103.263131, 20.616582], [-103.263112, 20.616373], [-103.263085, 20.61606], [-103.262813, 20.615952], [-103.262402, 20.615788], [-103.26241, 20.614926], [-103.262414, 20.6145], [-103.262418, 20.614051], [-103.262422, 20.613632], [-103.262424, 20.613416], [-103.262425, 20.613236], [-103.262429, 20.612838], [-103.262446, 20.611777]]]}}, {"type": "Feature", "id": 2721, "properties": {"section_num": 2721, "name": "Secci\u00f3n 2721", "municipality": "Tonal\u00e1", "municipalityCode": 102, "districtFederal": 20, "districtLocal": 20, "tipo": 2}, "geometry": {"type": "Polygon", "coordinates": [[[-103.238967, 20.593934], [-103.238978, 20.594566], [-103.238999, 20.595338], [-103.239009, 20.595688], [-103.238954, 20.595691], [-103.23862, 20.595651], [-103.238605, 20.595471], [-103.238556, 20.595466], [-103.238558, 20.5954], [-103.238375, 20.595281], [-103.238225, 20.595289], [-103.238118, 20.595328], [-103.238073, 20.595325], [-103.238038, 20.595314], [-103.23792, 20.595262], [-103.237783, 20.595209], [-103.237593, 20.595102], [-103.237426, 20.595121], [-103.237247, 20.595133], [-103.236801, 20.595215], [-103.236337, 20.595398], [-103.236223, 20.595426], [-103.236234, 20.595474], [-103.236032, 20.595621], [-103.235329, 20.596106], [-103.23511, 20.596058], [-103.235081, 20.596629], [-103.235089, 20.596934], [-103.234386, 20.597288], [-103.234313, 20.597316], [-103.234344, 20.597669], [-103.234401, 20.598178], [-103.234427, 20.598684], [-103.234483, 20.599757], [-103.235669, 20.600099], [-103.235624, 20.600309], [-103.235436, 20.601252], [-103.235061, 20.602883], [-103.235068, 20.603506], [-103.23501, 20.603502], [-103.233498, 20.603229], [-103.233441, 20.603367], [-103.233324, 20.603566], [-103.233151, 20.603739], [-103.233167, 20.60403], [-103.233067, 20.604204], [-103.23282, 20.604444], [-103.231992, 20.604503], [-103.231831, 20.604454], [-103.231529, 20.604552], [-103.231312, 20.604753], [-103.230573, 20.60493], [-103.230145, 20.605136], [-103.229876, 20.605315], [-103.229185, 20.60465], [-103.228404, 20.604318], [-103.227709, 20.604898], [-103.226911, 20.605112], [-103.226309, 20.605157], [-103.224475, 20.604784], [-103.224128, 20.605053], [-103.223572, 20.604958], [-103.223062, 20.604871], [-103.223286, 20.603527], [-103.223252, 20.603486], [-103.222545, 20.60338], [-103.222505, 20.603612], [-103.221986, 20.60347], [-103.221963, 20.603706], [-103.221868, 20.60372], [-103.221531, 20.603652], [-103.221558, 20.603279], [-103.221254, 20.603362], [-103.221047, 20.60346], [-103.220202, 20.603213], [-103.220495, 20.603073], [-103.220744, 20.602925], [-103.22104, 20.602595], [-103.221057, 20.602548], [-103.221005, 20.602496], [-103.220911, 20.602548], [-103.220732, 20.602613], [-103.22055, 20.602448], [-103.220399, 20.602393], [-103.220116, 20.602483], [-103.219902, 20.602669], [-103.2194, 20.602707], [-103.219409, 20.602633], [-103.219443, 20.602468], [-103.219431, 20.602365], [-103.219283, 20.60225], [-103.219232, 20.602226], [-103.218881, 20.602226], [-103.218683, 20.60217], [-103.21848, 20.602175], [-103.218356, 20.602377], [-103.218327, 20.602379], [-103.218126, 20.602395], [-103.218086, 20.602081], [-103.217899, 20.602076], [-103.21788, 20.602076], [-103.217617, 20.602077], [-103.217525, 20.602168], [-103.217305, 20.602075], [-103.217072, 20.602201], [-103.215599, 20.602188], [-103.21531, 20.602132], [-103.214843, 20.602094], [-103.214838, 20.601774], [-103.214572, 20.601724], [-103.212755, 20.602556], [-103.21246, 20.602312], [-103.211325, 20.599417], [-103.211236, 20.598393], [-103.211182, 20.598115], [-103.210906, 20.597666], [-103.210832, 20.59741], [-103.210557, 20.596108], [-103.210466, 20.595766], [-103.210667, 20.595469], [-103.211096, 20.594516], [-103.211165, 20.594295], [-103.211163, 20.594111], [-103.211328, 20.594118], [-103.211493, 20.594097], [-103.211518, 20.593953], [-103.211838, 20.593711], [-103.211845, 20.593579], [-103.211803, 20.59347], [-103.21167, 20.5934], [-103.211604, 20.592831], [-103.213183, 20.592758], [-103.214411, 20.592489], [-103.215387, 20.592441], [-103.21547, 20.591832], [-103.215778, 20.590568], [-103.215956, 20.589822], [-103.21599, 20.589706], [-103.215969, 20.589447], [-103.215875, 20.587958], [-103.216237, 20.586155], [-103.216311, 20.585905], [-103.216345, 20.584504], [-103.216411, 20.584417], [-103.21805, 20.583834], [-103.217499, 20.582476], [-103.217257, 20.581737], [-103.217062, 20.580874], [-103.216953, 20.579958], [-103.216981, 20.578905], [-103.217095, 20.578289], [-103.217224, 20.577593], [-103.217558, 20.576622], [-103.218753, 20.576449], [-103.219496, 20.576325], [-103.218179, 20.575334], [-103.218656, 20.574377], [-103.220373, 20.570825], [-103.220225, 20.570468], [-103.220072, 20.57035], [-103.21983, 20.570178], [-103.219606, 20.569938], [-103.21952, 20.569896], [-103.219284, 20.569678], [-103.219076, 20.569569], [-103.21881, 20.569317], [-103.217607, 20.568723], [-103.217225, 20.568506], [-103.217145, 20.56853], [-103.216288, 20.568101], [-103.215497, 20.567662], [-103.215323, 20.567591], [-103.215364, 20.5675], [-103.215437, 20.567444], [-103.21567, 20.566914], [-103.215481, 20.566759], [-103.214688, 20.56633], [-103.213974, 20.565985], [-103.214059, 20.565889], [-103.21422, 20.565819], [-103.214397, 20.565716], [-103.214824, 20.565636], [-103.214971, 20.565691], [-103.215102, 20.565724], [-103.215497, 20.565711], [-103.215638, 20.56573], [-103.21604, 20.565699], [-103.216175, 20.565712], [-103.216041, 20.564541], [-103.215097, 20.564096], [-103.215761, 20.563467], [-103.215916, 20.563305], [-103.216097, 20.563167], [-103.216546, 20.562799], [-103.216697, 20.562596], [-103.216992, 20.562384], [-103.217043, 20.562319], [-103.217206, 20.562216], [-103.217603, 20.561851], [-103.218076, 20.56156], [-103.218325, 20.561479], [-103.218425, 20.561387], [-103.219099, 20.561274], [-103.219422, 20.561085], [-103.219984, 20.560691], [-103.220348, 20.560446], [-103.220491, 20.560381], [-103.220651, 20.560285], [-103.220898, 20.560088], [-103.221171, 20.559909], [-103.22144, 20.559787], [-103.22205, 20.559738], [-103.222113, 20.5597], [-103.222128, 20.559608], [-103.223107, 20.559867], [-103.223205, 20.559909], [-103.223414, 20.560064], [-103.223677, 20.560182], [-103.223676, 20.560069], [-103.223705, 20.559948], [-103.223775, 20.559675], [-103.223859, 20.559137], [-103.224148, 20.556513], [-103.224171, 20.55639], [-103.224328, 20.556456], [-103.229145, 20.558488], [-103.230949, 20.55754], [-103.231709, 20.558095], [-103.230991, 20.559247], [-103.23773, 20.562095], [-103.237736, 20.562131], [-103.237764, 20.562246], [-103.237792, 20.562361], [-103.237764, 20.56275], [-103.237672, 20.564051], [-103.237626, 20.564702], [-103.237603, 20.565027], [-103.237581, 20.565353], [-103.237228, 20.566242], [-103.236583, 20.568544], [-103.236692, 20.569], [-103.236778, 20.569297], [-103.237036, 20.569736], [-103.238126, 20.571252], [-103.238895, 20.572157], [-103.239648, 20.572878], [-103.239294, 20.573583], [-103.239358, 20.573958], [-103.240264, 20.575696], [-103.24117, 20.577433], [-103.241296, 20.577952], [-103.241218, 20.580923], [-103.241295, 20.581773], [-103.240445, 20.581781], [-103.240475, 20.583205], [-103.240417, 20.583591], [-103.240875, 20.583714], [-103.240528, 20.584461], [-103.240514, 20.584514], [-103.240505, 20.584551], [-103.240104, 20.585378], [-103.239914, 20.585267], [-103.239662, 20.585067], [-103.239604, 20.585162], [-103.238637, 20.586875], [-103.2384, 20.587294], [-103.23833, 20.58742], [-103.237807, 20.588345], [-103.237376, 20.588877], [-103.23806, 20.589412], [-103.237748, 20.589687], [-103.237519, 20.590031], [-103.237399, 20.590261], [-103.237338, 20.590416], [-103.237286, 20.590514], [-103.238919, 20.591543], [-103.238937, 20.59252], [-103.238967, 20.593934]]]}}, {"type": "Feature", "id": 2723, "properties": {"section_num": 2723, "name": "Secci\u00f3n 2723", "municipality": "Tonal\u00e1", "municipalityCode": 102, "districtFederal": 20, "districtLocal": 20, "tipo": 2}, "geometry": {"type": "Polygon", "coordinates": [[[-103.235881, 20.600168], [-103.235669, 20.600099], [-103.234483, 20.599757], [-103.234427, 20.598684], [-103.234401, 20.598178], [-103.234344, 20.597669], [-103.234313, 20.597316], [-103.234386, 20.597288], [-103.235089, 20.596934], [-103.235081, 20.596629], [-103.23511, 20.596058], [-103.235329, 20.596106], [-103.236032, 20.595621], [-103.236234, 20.595474], [-103.236223, 20.595426], [-103.236337, 20.595398], [-103.236801, 20.595215], [-103.237247, 20.595133], [-103.237426, 20.595121], [-103.237593, 20.595102], [-103.237783, 20.595209], [-103.23792, 20.595262], [-103.238038, 20.595314], [-103.238073, 20.595325], [-103.238118, 20.595328], [-103.238225, 20.595289], [-103.238375, 20.595281], [-103.238558, 20.5954], [-103.238556, 20.595466], [-103.238605, 20.595471], [-103.23862, 20.595651], [-103.238954, 20.595691], [-103.239009, 20.595688], [-103.238999, 20.595338], [-103.238978, 20.594566], [-103.238967, 20.593934], [-103.238937, 20.59252], [-103.238919, 20.591543], [-103.239939, 20.592233], [-103.240093, 20.592398], [-103.24088, 20.592796], [-103.241297, 20.593007], [-103.2418, 20.593262], [-103.242192, 20.59346], [-103.242651, 20.593692], [-103.242991, 20.593868], [-103.243331, 20.594038], [-103.243632, 20.594188], [-103.244364, 20.594559], [-103.244408, 20.594581], [-103.245226, 20.594995], [-103.245638, 20.595194], [-103.2456, 20.595265], [-103.245545, 20.595972], [-103.245501, 20.597702], [-103.245459, 20.598759], [-103.245447, 20.599049], [-103.245337, 20.599533], [-103.245943, 20.599809], [-103.246725, 20.600165], [-103.246693, 20.600522], [-103.246625, 20.601273], [-103.246571, 20.601872], [-103.246004, 20.601852], [-103.245564, 20.601861], [-103.245593, 20.602211], [-103.245601, 20.602302], [-103.245662, 20.603036], [-103.245989, 20.603133], [-103.247172, 20.603483], [-103.248069, 20.603749], [-103.248683, 20.603931], [-103.248276, 20.606642], [-103.248389, 20.606889], [-103.248385, 20.607029], [-103.248587, 20.607424], [-103.248742, 20.608257], [-103.248652, 20.608253], [-103.248107, 20.608235], [-103.247594, 20.60819], [-103.247192, 20.608093], [-103.24715, 20.608062], [-103.24703, 20.608064], [-103.24683, 20.60796], [-103.246794, 20.607973], [-103.246735, 20.607955], [-103.246699, 20.607971], [-103.246639, 20.607952], [-103.246199, 20.607745], [-103.24612, 20.607733], [-103.246072, 20.607738], [-103.245902, 20.607811], [-103.245859, 20.607843], [-103.245838, 20.607879], [-103.245805, 20.607951], [-103.245773, 20.608058], [-103.245748, 20.60813], [-103.245691, 20.608102], [-103.244458, 20.607661], [-103.244428, 20.608186], [-103.244336, 20.608652], [-103.244038, 20.609417], [-103.243974, 20.609577], [-103.243539, 20.609424], [-103.242884, 20.609193], [-103.242789, 20.60916], [-103.242177, 20.608936], [-103.242018, 20.608532], [-103.241824, 20.608081], [-103.241248, 20.606655], [-103.240474, 20.604789], [-103.240187, 20.604133], [-103.239983, 20.603612], [-103.239859, 20.60327], [-103.239614, 20.602115], [-103.239432, 20.601194], [-103.238643, 20.601002], [-103.235881, 20.600168]]]}}, {"type": "Feature", "id": 2724, "properties": {"section_num": 2724, "name": "Secci\u00f3n 2724", "municipality": "Tonal\u00e1", "municipalityCode": 102, "districtFederal": 20, "districtLocal": 20, "tipo": 3}, "geometry": {"type": "Polygon", "coordinates": [[[-103.176553, 20.586936], [-103.175823, 20.587964], [-103.174841, 20.58889], [-103.174004, 20.589152], [-103.1732, 20.590133], [-103.172481, 20.590283], [-103.171265, 20.592106], [-103.170946, 20.592401], [-103.170389, 20.593515], [-103.170648, 20.594639], [-103.170244, 20.594508], [-103.170027, 20.594363], [-103.168968, 20.594791], [-103.168697, 20.594893], [-103.16844, 20.594823], [-103.168215, 20.594534], [-103.167893, 20.594328], [-103.167463, 20.594604], [-103.16722, 20.594562], [-103.166785, 20.594244], [-103.166215, 20.59422], [-103.165761, 20.594482], [-103.165154, 20.594099], [-103.164518, 20.594739], [-103.164088, 20.594837], [-103.163743, 20.594674], [-103.163194, 20.594739], [-103.162797, 20.595006], [-103.162891, 20.595791], [-103.162007, 20.596184], [-103.162825, 20.5967], [-103.163738, 20.596331], [-103.163575, 20.598626], [-103.163659, 20.598738], [-103.164159, 20.598981], [-103.164482, 20.599341], [-103.165788, 20.600416], [-103.165812, 20.60057], [-103.166154, 20.60075], [-103.166557, 20.600804], [-103.166974, 20.60083], [-103.167386, 20.600855], [-103.167963, 20.600906], [-103.167907, 20.601146], [-103.16809, 20.601176], [-103.167994, 20.60173], [-103.167913, 20.60218], [-103.167545, 20.602126], [-103.16718, 20.602073], [-103.167153, 20.602248], [-103.167176, 20.602252], [-103.168728, 20.602486], [-103.168848, 20.602438], [-103.169285, 20.602593], [-103.169622, 20.602733], [-103.169948, 20.602871], [-103.170257, 20.602989], [-103.170527, 20.603093], [-103.172068, 20.60371], [-103.172246, 20.601836], [-103.172803, 20.601666], [-103.173289, 20.601875], [-103.173407, 20.602038], [-103.173766, 20.602204], [-103.174618, 20.602191], [-103.174746, 20.602269], [-103.174821, 20.602382], [-103.17511, 20.602511], [-103.175255, 20.602537], [-103.175626, 20.602567], [-103.175749, 20.602622], [-103.175917, 20.602757], [-103.176223, 20.602937], [-103.176603, 20.602835], [-103.176677, 20.60279], [-103.176697, 20.602636], [-103.177144, 20.602719], [-103.177481, 20.602925], [-103.179494, 20.60299], [-103.180198, 20.602953], [-103.1809, 20.603122], [-103.181198, 20.603176], [-103.181502, 20.603151], [-103.181995, 20.603286], [-103.182367, 20.603231], [-103.182327, 20.603346], [-103.182384, 20.603448], [-103.182667, 20.603469], [-103.182706, 20.603205], [-103.183147, 20.603166], [-103.18351, 20.602662], [-103.183834, 20.602351], [-103.183998, 20.602311], [-103.18462, 20.602451], [-103.185134, 20.602626], [-103.186198, 20.60423], [-103.183845, 20.61211], [-103.184777, 20.612257], [-103.184439, 20.613106], [-103.187126, 20.613508], [-103.187824, 20.613641], [-103.187196, 20.614856], [-103.18703, 20.615801], [-103.187227, 20.616413], [-103.187255, 20.616782], [-103.187091, 20.617049], [-103.186895, 20.61864], [-103.186619, 20.619227], [-103.186322, 20.619607], [-103.185951, 20.619669], [-103.185737, 20.619628], [-103.185498, 20.619508], [-103.185218, 20.619635], [-103.184573, 20.620334], [-103.184171, 20.621568], [-103.184003, 20.621689], [-103.183881, 20.621666], [-103.183928, 20.621469], [-103.183923, 20.62131], [-103.183741, 20.621137], [-103.183423, 20.621226], [-103.182846, 20.620981], [-103.181434, 20.620918], [-103.180934, 20.62097], [-103.180185, 20.621033], [-103.178105, 20.622067], [-103.17688, 20.622534], [-103.175515, 20.622702], [-103.173833, 20.62187], [-103.172725, 20.621992], [-103.17201, 20.622062], [-103.170888, 20.62231], [-103.170682, 20.622944], [-103.170096, 20.622775], [-103.169158, 20.622769], [-103.166755, 20.62259], [-103.16617, 20.622421], [-103.165234, 20.622044], [-103.164357, 20.621625], [-103.163776, 20.620919], [-103.163312, 20.620049], [-103.162908, 20.619178], [-103.162675, 20.618887], [-103.161681, 20.618468], [-103.160508, 20.618585], [-103.1591, 20.618701], [-103.156045, 20.619468], [-103.155051, 20.619944], [-103.153873, 20.620681], [-103.15293, 20.621296], [-103.152575, 20.621789], [-103.151869, 20.622157], [-103.150929, 20.6224], [-103.14999, 20.622559], [-103.149579, 20.622598], [-103.148758, 20.622593], [-103.148289, 20.622632], [-103.147523, 20.623041], [-103.146582, 20.623531], [-103.145641, 20.623939], [-103.144585, 20.624015], [-103.143232, 20.623773], [-103.142237, 20.623437], [-103.14101, 20.622809], [-103.139435, 20.621684], [-103.139381, 20.620898], [-103.13957, 20.619852], [-103.139998, 20.617457], [-103.140414, 20.61655], [-103.141364, 20.614944], [-103.142132, 20.61404], [-103.143137, 20.612888], [-103.144675, 20.610914], [-103.146156, 20.608691], [-103.146574, 20.607618], [-103.146989, 20.607001], [-103.147347, 20.606176], [-103.147464, 20.605323], [-103.147231, 20.605157], [-103.146843, 20.604793], [-103.146298, 20.604283], [-103.145955, 20.603083], [-103.145802, 20.602263], [-103.145785, 20.602172], [-103.14521, 20.600598], [-103.144689, 20.599603], [-103.144577, 20.598817], [-103.144707, 20.597812], [-103.144653, 20.597233], [-103.144482, 20.596446], [-103.144193, 20.595825], [-103.144261, 20.594544], [-103.144974, 20.59306], [-103.145332, 20.592236], [-103.145629, 20.591659], [-103.145871, 20.590586], [-103.146111, 20.589802], [-103.146176, 20.588852], [-103.145889, 20.588023], [-103.145366, 20.587318], [-103.144783, 20.586777], [-103.143962, 20.586042], [-103.143673, 20.585503], [-103.143565, 20.584868], [-103.143686, 20.584332], [-103.144275, 20.583922], [-103.145276, 20.583391], [-103.145923, 20.583105], [-103.146623, 20.58271], [-103.146682, 20.582628], [-103.147049, 20.581293], [-103.146638, 20.580478], [-103.146358, 20.579512], [-103.146068, 20.578973], [-103.145661, 20.578474], [-103.145073, 20.577989], [-103.144488, 20.577779], [-103.143967, 20.577638], [-103.143557, 20.577635], [-103.142909, 20.578003], [-103.142078, 20.578633], [-103.141198, 20.578834], [-103.140614, 20.578417], [-103.139987, 20.575934], [-103.139936, 20.575547], [-103.140363, 20.574462], [-103.140914, 20.573062], [-103.14267, 20.572854], [-103.143548, 20.572688], [-103.144205, 20.573227], [-103.144926, 20.573191], [-103.145538, 20.572646], [-103.1458, 20.572526], [-103.146539, 20.572177], [-103.147362, 20.571518], [-103.14726, 20.57202], [-103.14699, 20.572364], [-103.14622, 20.572881], [-103.146295, 20.573019], [-103.147953, 20.572189], [-103.149084, 20.572314], [-103.150668, 20.572696], [-103.150595, 20.573863], [-103.15167, 20.574008], [-103.151759, 20.573819], [-103.151862, 20.573618], [-103.151918, 20.573436], [-103.151915, 20.573359], [-103.151851, 20.573241], [-103.151869, 20.572848], [-103.15226, 20.572747], [-103.152475, 20.572719], [-103.15278, 20.572743], [-103.152857, 20.572116], [-103.152841, 20.571552], [-103.152848, 20.570944], [-103.151803, 20.570981], [-103.151825, 20.570592], [-103.152835, 20.570467], [-103.153237, 20.570387], [-103.153602, 20.570334], [-103.154408, 20.570231], [-103.155228, 20.570115], [-103.156157, 20.570149], [-103.156927, 20.570302], [-103.157839, 20.570553], [-103.158691, 20.570788], [-103.160078, 20.571171], [-103.161218, 20.571472], [-103.165448, 20.572588], [-103.165964, 20.572827], [-103.166673, 20.573252], [-103.166725, 20.573287], [-103.166918, 20.573415], [-103.167429, 20.575165], [-103.167191, 20.577698], [-103.168221, 20.57799], [-103.169388, 20.578094], [-103.17146, 20.578253], [-103.17263, 20.578227], [-103.173774, 20.578353], [-103.175769, 20.578169], [-103.17694, 20.57812], [-103.17818, 20.578278], [-103.179957, 20.578533], [-103.180682, 20.578905], [-103.179174, 20.580895], [-103.180917, 20.581597], [-103.182385, 20.58301], [-103.180324, 20.584065], [-103.178441, 20.585129], [-103.178025, 20.585994], [-103.177199, 20.586733], [-103.176553, 20.586936]]]}}, {"type": "Feature", "id": 2725, "properties": {"section_num": 2725, "name": "Secci\u00f3n 2725", "municipality": "Tonal\u00e1", "municipalityCode": 102, "districtFederal": 20, "districtLocal": 20, "tipo": 2}, "geometry": {"type": "Polygon", "coordinates": [[[-103.149481, 20.56307], [-103.149351, 20.562551], [-103.149, 20.561478], [-103.150266, 20.561273], [-103.151485, 20.561198], [-103.152108, 20.561212], [-103.152449, 20.561239], [-103.152643, 20.561321], [-103.152772, 20.561348], [-103.15308, 20.561518], [-103.153864, 20.561887], [-103.154259, 20.562006], [-103.15489, 20.562196], [-103.155984, 20.562561], [-103.155995, 20.562629], [-103.155964, 20.562723], [-103.155681, 20.563067], [-103.155634, 20.563179], [-103.155657, 20.563283], [-103.15578, 20.563465], [-103.15583, 20.563529], [-103.15577, 20.563596], [-103.155723, 20.56367], [-103.155649, 20.564021], [-103.155552, 20.564468], [-103.155524, 20.56469], [-103.155539, 20.565282], [-103.155076, 20.565618], [-103.154621, 20.565987], [-103.154065, 20.566562], [-103.153992, 20.56691], [-103.153774, 20.567852], [-103.154367, 20.567964], [-103.155288, 20.56813], [-103.156289, 20.568323], [-103.156248, 20.56874], [-103.156223, 20.569124], [-103.156194, 20.569597], [-103.155748, 20.569555], [-103.155245, 20.569509], [-103.155228, 20.570115], [-103.154408, 20.570231], [-103.153602, 20.570334], [-103.153237, 20.570387], [-103.152835, 20.570467], [-103.151825, 20.570592], [-103.151803, 20.570981], [-103.152848, 20.570944], [-103.152841, 20.571552], [-103.152857, 20.572116], [-103.15278, 20.572743], [-103.152475, 20.572719], [-103.15226, 20.572747], [-103.151869, 20.572848], [-103.151851, 20.573241], [-103.151915, 20.573359], [-103.151918, 20.573436], [-103.151862, 20.573618], [-103.151759, 20.573819], [-103.15167, 20.574008], [-103.150595, 20.573863], [-103.150668, 20.572696], [-103.149084, 20.572314], [-103.147953, 20.572189], [-103.146295, 20.573019], [-103.14622, 20.572881], [-103.14699, 20.572364], [-103.14726, 20.57202], [-103.147362, 20.571518], [-103.147398, 20.570432], [-103.147951, 20.569613], [-103.147939, 20.569294], [-103.14829, 20.568995], [-103.148157, 20.568803], [-103.147588, 20.567977], [-103.147237, 20.566656], [-103.14736, 20.565857], [-103.148297, 20.565113], [-103.148941, 20.564575], [-103.149481, 20.56307]]]}}, {"type": "Feature", "id": 2726, "properties": {"section_num": 2726, "name": "Secci\u00f3n 2726", "municipality": "Tonal\u00e1", "municipalityCode": 102, "districtFederal": 20, "districtLocal": 20, "tipo": 3}, "geometry": {"type": "Polygon", "coordinates": [[[-103.154621, 20.565987], [-103.154703, 20.566002], [-103.156567, 20.566345], [-103.156615, 20.566298], [-103.156978, 20.56637], [-103.157007, 20.56627], [-103.157091, 20.566256], [-103.157135, 20.566207], [-103.15724, 20.565906], [-103.157772, 20.565408], [-103.157838, 20.565318], [-103.157907, 20.565313], [-103.158462, 20.565387], [-103.158938, 20.56546], [-103.15903, 20.56543], [-103.159138, 20.565388], [-103.159171, 20.565376], [-103.159741, 20.565159], [-103.159816, 20.565124], [-103.160259, 20.564947], [-103.160371, 20.564904], [-103.16073, 20.564762], [-103.160835, 20.564719], [-103.161063, 20.564625], [-103.161088, 20.564618], [-103.161522, 20.564441], [-103.161738, 20.56451], [-103.161853, 20.564539], [-103.162967, 20.564906], [-103.163125, 20.564957], [-103.163239, 20.564995], [-103.16332, 20.565036], [-103.163584, 20.565237], [-103.163767, 20.565378], [-103.163908, 20.565434], [-103.164133, 20.565537], [-103.164442, 20.565562], [-103.164776, 20.565513], [-103.166036, 20.565697], [-103.165866, 20.566976], [-103.168001, 20.567294], [-103.167982, 20.567482], [-103.168665, 20.567537], [-103.168948, 20.568485], [-103.169861, 20.568625], [-103.16947, 20.571292], [-103.16966, 20.572725], [-103.170483, 20.572985], [-103.17033, 20.573791], [-103.173029, 20.574429], [-103.174546, 20.574786], [-103.175523, 20.575015], [-103.178131, 20.575613], [-103.178974, 20.575727], [-103.179752, 20.575706], [-103.180508, 20.575587], [-103.182433, 20.575023], [-103.18411, 20.574524], [-103.1877, 20.573448], [-103.187923, 20.57439], [-103.1875, 20.575299], [-103.188844, 20.575797], [-103.189365, 20.574957], [-103.190263, 20.574747], [-103.190643, 20.574534], [-103.191262, 20.574347], [-103.192347, 20.573982], [-103.194083, 20.57344], [-103.195809, 20.572935], [-103.196103, 20.5738], [-103.198052, 20.572735], [-103.199227, 20.571966], [-103.1989, 20.571139], [-103.198716, 20.570976], [-103.198637, 20.570821], [-103.198421, 20.57035], [-103.198407, 20.570304], [-103.198393, 20.570258], [-103.19832, 20.569989], [-103.198303, 20.569929], [-103.197909, 20.568679], [-103.199966, 20.568552], [-103.20196, 20.568356], [-103.203822, 20.568198], [-103.203997, 20.568188], [-103.204121, 20.568068], [-103.20401, 20.566957], [-103.204006, 20.566898], [-103.203953, 20.566193], [-103.20395, 20.56607], [-103.203865, 20.565895], [-103.206202, 20.566247], [-103.20674, 20.563778], [-103.208169, 20.563498], [-103.208378, 20.56377], [-103.208937, 20.563352], [-103.209766, 20.563913], [-103.210353, 20.564191], [-103.211813, 20.564607], [-103.212117, 20.564755], [-103.212684, 20.564708], [-103.213328, 20.564803], [-103.213918, 20.562493], [-103.213837, 20.560374], [-103.213859, 20.559631], [-103.213881, 20.558889], [-103.214223, 20.55508], [-103.214963, 20.552505], [-103.224171, 20.55639], [-103.224148, 20.556513], [-103.223859, 20.559137], [-103.223775, 20.559675], [-103.223705, 20.559948], [-103.223676, 20.560069], [-103.223677, 20.560182], [-103.223414, 20.560064], [-103.223205, 20.559909], [-103.223107, 20.559867], [-103.222128, 20.559608], [-103.222113, 20.5597], [-103.22205, 20.559738], [-103.22144, 20.559787], [-103.221171, 20.559909], [-103.220898, 20.560088], [-103.220651, 20.560285], [-103.220491, 20.560381], [-103.220348, 20.560446], [-103.219984, 20.560691], [-103.219422, 20.561085], [-103.219099, 20.561274], [-103.218425, 20.561387], [-103.218325, 20.561479], [-103.218076, 20.56156], [-103.217603, 20.561851], [-103.217206, 20.562216], [-103.217043, 20.562319], [-103.216992, 20.562384], [-103.216697, 20.562596], [-103.216546, 20.562799], [-103.216097, 20.563167], [-103.215916, 20.563305], [-103.215761, 20.563467], [-103.215097, 20.564096], [-103.216041, 20.564541], [-103.216175, 20.565712], [-103.21604, 20.565699], [-103.215638, 20.56573], [-103.215497, 20.565711], [-103.215102, 20.565724], [-103.214971, 20.565691], [-103.214824, 20.565636], [-103.214397, 20.565716], [-103.21422, 20.565819], [-103.214059, 20.565889], [-103.213974, 20.565985], [-103.214688, 20.56633], [-103.215481, 20.566759], [-103.21567, 20.566914], [-103.215437, 20.567444], [-103.215364, 20.5675], [-103.215323, 20.567591], [-103.215497, 20.567662], [-103.216288, 20.568101], [-103.217145, 20.56853], [-103.217225, 20.568506], [-103.217607, 20.568723], [-103.21881, 20.569317], [-103.219076, 20.569569], [-103.219284, 20.569678], [-103.21952, 20.569896], [-103.219606, 20.569938], [-103.21983, 20.570178], [-103.220072, 20.57035], [-103.220225, 20.570468], [-103.220373, 20.570825], [-103.218656, 20.574377], [-103.218179, 20.575334], [-103.219496, 20.576325], [-103.218753, 20.576449], [-103.217558, 20.576622], [-103.217224, 20.577593], [-103.217095, 20.578289], [-103.216981, 20.578905], [-103.216953, 20.579958], [-103.217062, 20.580874], [-103.217257, 20.581737], [-103.217499, 20.582476], [-103.21805, 20.583834], [-103.216411, 20.584417], [-103.216345, 20.584504], [-103.216311, 20.585905], [-103.216237, 20.586155], [-103.215875, 20.587958], [-103.215969, 20.589447], [-103.21599, 20.589706], [-103.215956, 20.589822], [-103.215778, 20.590568], [-103.21547, 20.591832], [-103.215387, 20.592441], [-103.214411, 20.592489], [-103.213183, 20.592758], [-103.211604, 20.592831], [-103.21167, 20.5934], [-103.211803, 20.59347], [-103.211845, 20.593579], [-103.211838, 20.593711], [-103.211518, 20.593953], [-103.211493, 20.594097], [-103.211328, 20.594118], [-103.211163, 20.594111], [-103.211165, 20.594295], [-103.211096, 20.594516], [-103.210667, 20.595469], [-103.210466, 20.595766], [-103.210557, 20.596108], [-103.210832, 20.59741], [-103.210906, 20.597666], [-103.211182, 20.598115], [-103.211236, 20.598393], [-103.211325, 20.599417], [-103.206616, 20.598091], [-103.203381, 20.597179], [-103.198407, 20.595778], [-103.198087, 20.596238], [-103.196069, 20.59397], [-103.19603, 20.593546], [-103.189878, 20.59162], [-103.185307, 20.590152], [-103.176553, 20.586936], [-103.177199, 20.586733], [-103.178025, 20.585994], [-103.178441, 20.585129], [-103.180324, 20.584065], [-103.182385, 20.58301], [-103.180917, 20.581597], [-103.179174, 20.580895], [-103.180682, 20.578905], [-103.179957, 20.578533], [-103.17818, 20.578278], [-103.17694, 20.57812], [-103.175769, 20.578169], [-103.173774, 20.578353], [-103.17263, 20.578227], [-103.17146, 20.578253], [-103.169388, 20.578094], [-103.168221, 20.57799], [-103.167191, 20.577698], [-103.167429, 20.575165], [-103.166918, 20.573415], [-103.166725, 20.573287], [-103.166673, 20.573252], [-103.165964, 20.572827], [-103.165448, 20.572588], [-103.161218, 20.571472], [-103.160078, 20.571171], [-103.158691, 20.570788], [-103.157839, 20.570553], [-103.156927, 20.570302], [-103.156157, 20.570149], [-103.155228, 20.570115], [-103.155245, 20.569509], [-103.155748, 20.569555], [-103.156194, 20.569597], [-103.156223, 20.569124], [-103.156248, 20.56874], [-103.156289, 20.568323], [-103.155288, 20.56813], [-103.154367, 20.567964], [-103.153774, 20.567852], [-103.153992, 20.56691], [-103.154065, 20.566562], [-103.154621, 20.565987]]]}}, {"type": "Feature", "id": 2729, "properties": {"section_num": 2729, "name": "Secci\u00f3n 2729", "municipality": "Tonal\u00e1", "municipalityCode": 102, "districtFederal": 20, "districtLocal": 20, "tipo": 3}, "geometry": {"type": "Polygon", "coordinates": [[[-103.154621, 20.565987], [-103.155076, 20.565618], [-103.155539, 20.565282], [-103.155524, 20.56469], [-103.155552, 20.564468], [-103.155649, 20.564021], [-103.155723, 20.56367], [-103.15577, 20.563596], [-103.15583, 20.563529], [-103.15578, 20.563465], [-103.155657, 20.563283], [-103.155634, 20.563179], [-103.155681, 20.563067], [-103.155964, 20.562723], [-103.155995, 20.562629], [-103.155984, 20.562561], [-103.15489, 20.562196], [-103.154259, 20.562006], [-103.153864, 20.561887], [-103.15308, 20.561518], [-103.152772, 20.561348], [-103.152643, 20.561321], [-103.152449, 20.561239], [-103.152108, 20.561212], [-103.151485, 20.561198], [-103.150266, 20.561273], [-103.149, 20.561478], [-103.148409, 20.560666], [-103.148175, 20.559799], [-103.148239, 20.558959], [-103.149001, 20.557719], [-103.149515, 20.557475], [-103.150279, 20.557206], [-103.15104, 20.557028], [-103.151869, 20.556767], [-103.152747, 20.556271], [-103.154386, 20.555692], [-103.155088, 20.555195], [-103.155673, 20.554617], [-103.156019, 20.554011], [-103.156025, 20.553088], [-103.156195, 20.5524], [-103.156844, 20.551725], [-103.157605, 20.551187], [-103.158712, 20.550912], [-103.159271, 20.550842], [-103.15983, 20.550773], [-103.160825, 20.550318], [-103.161468, 20.549904], [-103.161995, 20.549202], [-103.162522, 20.548706], [-103.163751, 20.54825], [-103.164688, 20.548374], [-103.165214, 20.548291], [-103.165156, 20.547588], [-103.164331, 20.545703], [-103.16439, 20.543018], [-103.164448, 20.542234], [-103.164741, 20.540705], [-103.165619, 20.538846], [-103.167843, 20.536573], [-103.169891, 20.53401], [-103.170125, 20.532812], [-103.170067, 20.532275], [-103.170028, 20.532221], [-103.169711, 20.531773], [-103.169997, 20.531768], [-103.170102, 20.531766], [-103.170207, 20.531764], [-103.170417, 20.531759], [-103.170628, 20.531755], [-103.170838, 20.531751], [-103.171048, 20.531747], [-103.171258, 20.531743], [-103.171679, 20.531735], [-103.171889, 20.531731], [-103.1721, 20.531727], [-103.172205, 20.531725], [-103.17231, 20.531723], [-103.17252, 20.531719], [-103.172573, 20.531718], [-103.172625, 20.531717], [-103.17273, 20.531715], [-103.172941, 20.531711], [-103.173361, 20.531702], [-103.173714, 20.531706], [-103.174066, 20.53171], [-103.178802, 20.531337], [-103.180649, 20.533341], [-103.18122, 20.533961], [-103.181125, 20.53398], [-103.180229, 20.537129], [-103.180875, 20.538612], [-103.181309, 20.539611], [-103.181603, 20.541615], [-103.181896, 20.543618], [-103.183169, 20.549257], [-103.184316, 20.550844], [-103.184217, 20.554117], [-103.185832, 20.564506], [-103.186533, 20.564489], [-103.189231, 20.564451], [-103.191928, 20.564412], [-103.193369, 20.564435], [-103.194809, 20.564459], [-103.198282, 20.565053], [-103.200262, 20.565351], [-103.202242, 20.56565], [-103.203865, 20.565895], [-103.20395, 20.56607], [-103.203953, 20.566193], [-103.204006, 20.566898], [-103.20401, 20.566957], [-103.204121, 20.568068], [-103.203997, 20.568188], [-103.203822, 20.568198], [-103.20196, 20.568356], [-103.199966, 20.568552], [-103.197909, 20.568679], [-103.198303, 20.569929], [-103.19832, 20.569989], [-103.198393, 20.570258], [-103.198407, 20.570304], [-103.198421, 20.57035], [-103.198637, 20.570821], [-103.198716, 20.570976], [-103.1989, 20.571139], [-103.199227, 20.571966], [-103.198052, 20.572735], [-103.196103, 20.5738], [-103.195809, 20.572935], [-103.194083, 20.57344], [-103.192347, 20.573982], [-103.191262, 20.574347], [-103.190643, 20.574534], [-103.190263, 20.574747], [-103.189365, 20.574957], [-103.188844, 20.575797], [-103.1875, 20.575299], [-103.187923, 20.57439], [-103.1877, 20.573448], [-103.18411, 20.574524], [-103.182433, 20.575023], [-103.180508, 20.575587], [-103.179752, 20.575706], [-103.178974, 20.575727], [-103.178131, 20.575613], [-103.175523, 20.575015], [-103.174546, 20.574786], [-103.173029, 20.574429], [-103.17033, 20.573791], [-103.170483, 20.572985], [-103.16966, 20.572725], [-103.16947, 20.571292], [-103.169861, 20.568625], [-103.168948, 20.568485], [-103.168665, 20.567537], [-103.167982, 20.567482], [-103.168001, 20.567294], [-103.165866, 20.566976], [-103.166036, 20.565697], [-103.164776, 20.565513], [-103.164442, 20.565562], [-103.164133, 20.565537], [-103.163908, 20.565434], [-103.163767, 20.565378], [-103.163584, 20.565237], [-103.16332, 20.565036], [-103.163239, 20.564995], [-103.163125, 20.564957], [-103.162967, 20.564906], [-103.161853, 20.564539], [-103.161738, 20.56451], [-103.161522, 20.564441], [-103.161088, 20.564618], [-103.161063, 20.564625], [-103.160835, 20.564719], [-103.16073, 20.564762], [-103.160371, 20.564904], [-103.160259, 20.564947], [-103.159816, 20.565124], [-103.159741, 20.565159], [-103.159171, 20.565376], [-103.159138, 20.565388], [-103.15903, 20.56543], [-103.158938, 20.56546], [-103.158462, 20.565387], [-103.157907, 20.565313], [-103.157838, 20.565318], [-103.157772, 20.565408], [-103.15724, 20.565906], [-103.157135, 20.566207], [-103.157091, 20.566256], [-103.157007, 20.56627], [-103.156978, 20.56637], [-103.156615, 20.566298], [-103.156567, 20.566345], [-103.154703, 20.566002], [-103.154621, 20.565987]]]}}, {"type": "Feature", "id": 3311, "properties": {"section_num": 3311, "name": "Secci\u00f3n 3311", "municipality": "Tonal\u00e1", "municipalityCode": 102, "districtFederal": 20, "districtLocal": 20, "tipo": 2}, "geometry": {"type": "Polygon", "coordinates": [[[-103.248855, 20.609938], [-103.248965, 20.609545], [-103.249038, 20.60937], [-103.249037, 20.608874], [-103.248871, 20.608637], [-103.248742, 20.608257], [-103.248587, 20.607424], [-103.24975, 20.607486], [-103.249772, 20.607489], [-103.250086, 20.607506], [-103.250164, 20.607149], [-103.250774, 20.607219], [-103.251089, 20.606102], [-103.251473, 20.604544], [-103.251887, 20.604626], [-103.252593, 20.604766], [-103.252746, 20.604764], [-103.252774, 20.604327], [-103.252764, 20.604036], [-103.252826, 20.603369], [-103.252831, 20.60319], [-103.252927, 20.601687], [-103.253289, 20.601713], [-103.253336, 20.601742], [-103.253906, 20.60179], [-103.254586, 20.601826], [-103.255079, 20.601852], [-103.255157, 20.601199], [-103.255202, 20.600595], [-103.255304, 20.59991], [-103.255576, 20.600037], [-103.256526, 20.600463], [-103.256807, 20.600602], [-103.256654, 20.601054], [-103.256316, 20.602053], [-103.256442, 20.604492], [-103.25652, 20.604671], [-103.256566, 20.604882], [-103.25654, 20.605259], [-103.256567, 20.605716], [-103.256791, 20.606195], [-103.257172, 20.606902], [-103.257236, 20.607425], [-103.257267, 20.607968], [-103.25726, 20.608304], [-103.257254, 20.608641], [-103.257186, 20.608996], [-103.257184, 20.609192], [-103.257297, 20.609535], [-103.25738, 20.609782], [-103.257388, 20.609988], [-103.257418, 20.610208], [-103.257351, 20.610454], [-103.257348, 20.610495], [-103.257299, 20.611294], [-103.25599, 20.610884], [-103.254524, 20.610953], [-103.253154, 20.610726], [-103.25278, 20.610664], [-103.25241, 20.610607], [-103.25234, 20.610426], [-103.252067, 20.610392], [-103.251911, 20.610372], [-103.251757, 20.610353], [-103.251501, 20.610321], [-103.251442, 20.610313], [-103.251449, 20.61028], [-103.251157, 20.610251], [-103.251057, 20.610241], [-103.25091, 20.610223], [-103.250983, 20.60967], [-103.251001, 20.609542], [-103.250996, 20.609495], [-103.250397, 20.609511], [-103.250037, 20.609447], [-103.249915, 20.609549], [-103.249691, 20.609643], [-103.249547, 20.609629], [-103.249331, 20.60955], [-103.249243, 20.609546], [-103.249179, 20.609575], [-103.248855, 20.609938]]]}}, {"type": "Feature", "id": 3740, "properties": {"section_num": 3740, "name": "Secci\u00f3n 3740", "municipality": "Tonal\u00e1", "municipalityCode": 102, "districtFederal": 20, "districtLocal": 20, "tipo": 2}, "geometry": {"type": "Polygon", "coordinates": [[[-103.255202, 20.600595], [-103.255157, 20.601199], [-103.255079, 20.601852], [-103.254586, 20.601826], [-103.253906, 20.60179], [-103.253336, 20.601742], [-103.253289, 20.601713], [-103.252927, 20.601687], [-103.252831, 20.60319], [-103.252826, 20.603369], [-103.252764, 20.604036], [-103.252774, 20.604327], [-103.252746, 20.604764], [-103.252593, 20.604766], [-103.251887, 20.604626], [-103.251473, 20.604544], [-103.251089, 20.606102], [-103.250774, 20.607219], [-103.250164, 20.607149], [-103.250086, 20.607506], [-103.249772, 20.607489], [-103.24975, 20.607486], [-103.248587, 20.607424], [-103.248385, 20.607029], [-103.248389, 20.606889], [-103.248276, 20.606642], [-103.248683, 20.603931], [-103.248069, 20.603749], [-103.247172, 20.603483], [-103.245989, 20.603133], [-103.245662, 20.603036], [-103.245601, 20.602302], [-103.245593, 20.602211], [-103.245564, 20.601861], [-103.246004, 20.601852], [-103.246571, 20.601872], [-103.246625, 20.601273], [-103.246693, 20.600522], [-103.246725, 20.600165], [-103.247264, 20.600398], [-103.247351, 20.600456], [-103.247655, 20.600582], [-103.247681, 20.600447], [-103.247739, 20.600341], [-103.247972, 20.600332], [-103.248114, 20.600299], [-103.248193, 20.600293], [-103.248294, 20.600271], [-103.248804, 20.599889], [-103.24883, 20.600021], [-103.249647, 20.600111], [-103.250344, 20.600188], [-103.251151, 20.600293], [-103.251146, 20.600427], [-103.251812, 20.600453], [-103.252895, 20.600506], [-103.253128, 20.600523], [-103.253894, 20.600539], [-103.255202, 20.600595]]]}}, {"type": "Feature", "id": 3741, "properties": {"section_num": 3741, "name": "Secci\u00f3n 3741", "municipality": "Tonal\u00e1", "municipalityCode": 102, "districtFederal": 20, "districtLocal": 20, "tipo": 2}, "geometry": {"type": "Polygon", "coordinates": [[[-103.254985, 20.593022], [-103.254951, 20.595454], [-103.254969, 20.595666], [-103.254923, 20.596781], [-103.254949, 20.596787], [-103.255721, 20.596955], [-103.255764, 20.596965], [-103.255742, 20.597061], [-103.255767, 20.597091], [-103.255777, 20.59731], [-103.255794, 20.597455], [-103.255928, 20.599264], [-103.255708, 20.599277], [-103.255655, 20.599268], [-103.255634, 20.599347], [-103.255645, 20.599368], [-103.255576, 20.600037], [-103.255304, 20.59991], [-103.255202, 20.600595], [-103.253894, 20.600539], [-103.253128, 20.600523], [-103.252895, 20.600506], [-103.251812, 20.600453], [-103.251146, 20.600427], [-103.251151, 20.600293], [-103.251171, 20.599832], [-103.251192, 20.599306], [-103.251177, 20.598572], [-103.251162, 20.597882], [-103.251386, 20.597986], [-103.251862, 20.59712], [-103.252008, 20.596854], [-103.252258, 20.595594], [-103.252036, 20.595511], [-103.251756, 20.595432], [-103.251958, 20.594177], [-103.252096, 20.593385], [-103.252287, 20.592764], [-103.252729, 20.592822], [-103.253348, 20.592892], [-103.253758, 20.592907], [-103.254169, 20.592923], [-103.254764, 20.592977], [-103.254975, 20.592997], [-103.254986, 20.592998], [-103.254985, 20.593022]]]}}, {"type": "Feature", "id": 3742, "properties": {"section_num": 3742, "name": "Secci\u00f3n 3742", "municipality": "Tonal\u00e1", "municipalityCode": 102, "districtFederal": 20, "districtLocal": 20, "tipo": 2}, "geometry": {"type": "Polygon", "coordinates": [[[-103.252287, 20.592764], [-103.252096, 20.593385], [-103.251958, 20.594177], [-103.251756, 20.595432], [-103.252036, 20.595511], [-103.252258, 20.595594], [-103.252008, 20.596854], [-103.251862, 20.59712], [-103.251386, 20.597986], [-103.251162, 20.597882], [-103.251177, 20.598572], [-103.251192, 20.599306], [-103.251171, 20.599832], [-103.251151, 20.600293], [-103.250344, 20.600188], [-103.249647, 20.600111], [-103.24883, 20.600021], [-103.248804, 20.599889], [-103.248294, 20.600271], [-103.248193, 20.600293], [-103.248114, 20.600299], [-103.247972, 20.600332], [-103.247739, 20.600341], [-103.247681, 20.600447], [-103.247655, 20.600582], [-103.247351, 20.600456], [-103.247264, 20.600398], [-103.246725, 20.600165], [-103.245943, 20.599809], [-103.245337, 20.599533], [-103.245447, 20.599049], [-103.245459, 20.598759], [-103.245501, 20.597702], [-103.245545, 20.595972], [-103.2456, 20.595265], [-103.245638, 20.595194], [-103.246602, 20.595652], [-103.246982, 20.594919], [-103.247258, 20.594284], [-103.247339, 20.594228], [-103.247997, 20.594401], [-103.248051, 20.594183], [-103.248192, 20.593511], [-103.248359, 20.592795], [-103.24858, 20.592077], [-103.249215, 20.592215], [-103.250445, 20.592422], [-103.250466, 20.592454], [-103.251393, 20.592612], [-103.25177, 20.592676], [-103.252287, 20.592764]]]}}, {"type": "Feature", "id": 3743, "properties": {"section_num": 3743, "name": "Secci\u00f3n 3743", "municipality": "Tonal\u00e1", "municipalityCode": 102, "districtFederal": 20, "districtLocal": 20, "tipo": 2}, "geometry": {"type": "Polygon", "coordinates": [[[-103.250005, 20.590581], [-103.249916, 20.59089], [-103.249745, 20.59146], [-103.24967, 20.591458], [-103.249432, 20.591621], [-103.249215, 20.592215], [-103.24858, 20.592077], [-103.248359, 20.592795], [-103.248192, 20.593511], [-103.248051, 20.594183], [-103.247997, 20.594401], [-103.247339, 20.594228], [-103.247258, 20.594284], [-103.246982, 20.594919], [-103.246602, 20.595652], [-103.245638, 20.595194], [-103.245226, 20.594995], [-103.244408, 20.594581], [-103.244364, 20.594559], [-103.243632, 20.594188], [-103.243331, 20.594038], [-103.242991, 20.593868], [-103.243473, 20.593082], [-103.243776, 20.592451], [-103.243985, 20.592078], [-103.243914, 20.592085], [-103.243442, 20.591867], [-103.242979, 20.591638], [-103.24303, 20.591532], [-103.243077, 20.59146], [-103.243597, 20.590401], [-103.243805, 20.589896], [-103.244095, 20.590051], [-103.244344, 20.589429], [-103.24494, 20.587918], [-103.245419, 20.588181], [-103.245868, 20.588388], [-103.246119, 20.588528], [-103.246172, 20.588559], [-103.246483, 20.588739], [-103.246556, 20.588782], [-103.246665, 20.588824], [-103.24685, 20.588885], [-103.246973, 20.588974], [-103.247044, 20.589071], [-103.247268, 20.589373], [-103.247225, 20.589472], [-103.247333, 20.589526], [-103.24764, 20.589678], [-103.247949, 20.58983], [-103.248049, 20.589905], [-103.248154, 20.590053], [-103.248205, 20.590117], [-103.248232, 20.590147], [-103.248273, 20.590173], [-103.248332, 20.590175], [-103.24842, 20.590145], [-103.248552, 20.590083], [-103.248617, 20.590079], [-103.249019, 20.590232], [-103.249589, 20.590458], [-103.250005, 20.590581]]]}}, {"type": "Feature", "id": 3744, "properties": {"section_num": 3744, "name": "Secci\u00f3n 3744", "municipality": "Tonal\u00e1", "municipalityCode": 102, "districtFederal": 20, "districtLocal": 20, "tipo": 2}, "geometry": {"type": "Polygon", "coordinates": [[[-103.240104, 20.585378], [-103.240288, 20.585464], [-103.240402, 20.585543], [-103.240517, 20.585605], [-103.240704, 20.585707], [-103.241552, 20.586178], [-103.242059, 20.58648], [-103.242495, 20.586739], [-103.243076, 20.587], [-103.243468, 20.587139], [-103.243887, 20.587368], [-103.244053, 20.587449], [-103.244288, 20.58762], [-103.24494, 20.587918], [-103.244344, 20.589429], [-103.244095, 20.590051], [-103.243805, 20.589896], [-103.243597, 20.590401], [-103.243077, 20.59146], [-103.24303, 20.591532], [-103.242979, 20.591638], [-103.243442, 20.591867], [-103.243914, 20.592085], [-103.243985, 20.592078], [-103.243776, 20.592451], [-103.243473, 20.593082], [-103.242991, 20.593868], [-103.242651, 20.593692], [-103.242192, 20.59346], [-103.2418, 20.593262], [-103.241297, 20.593007], [-103.24088, 20.592796], [-103.240093, 20.592398], [-103.239939, 20.592233], [-103.238919, 20.591543], [-103.237286, 20.590514], [-103.237338, 20.590416], [-103.237399, 20.590261], [-103.237519, 20.590031], [-103.237748, 20.589687], [-103.23806, 20.589412], [-103.237376, 20.588877], [-103.237807, 20.588345], [-103.23833, 20.58742], [-103.2384, 20.587294], [-103.238637, 20.586875], [-103.239604, 20.585162], [-103.239662, 20.585067], [-103.239914, 20.585267], [-103.240104, 20.585378]]]}}, {"type": "Feature", "id": 3745, "properties": {"section_num": 3745, "name": "Secci\u00f3n 3745", "municipality": "Tonal\u00e1", "municipalityCode": 102, "districtFederal": 20, "districtLocal": 20, "tipo": 2}, "geometry": {"type": "Polygon", "coordinates": [[[-103.254975, 20.592997], [-103.254764, 20.592977], [-103.254169, 20.592923], [-103.253758, 20.592907], [-103.253348, 20.592892], [-103.252729, 20.592822], [-103.252287, 20.592764], [-103.25177, 20.592676], [-103.251393, 20.592612], [-103.250466, 20.592454], [-103.250445, 20.592422], [-103.249215, 20.592215], [-103.249432, 20.591621], [-103.24967, 20.591458], [-103.249745, 20.59146], [-103.249916, 20.59089], [-103.250005, 20.590581], [-103.249589, 20.590458], [-103.249019, 20.590232], [-103.248617, 20.590079], [-103.248552, 20.590083], [-103.24842, 20.590145], [-103.248332, 20.590175], [-103.248273, 20.590173], [-103.248232, 20.590147], [-103.248205, 20.590117], [-103.248154, 20.590053], [-103.248049, 20.589905], [-103.247949, 20.58983], [-103.24764, 20.589678], [-103.247333, 20.589526], [-103.247225, 20.589472], [-103.247268, 20.589373], [-103.247044, 20.589071], [-103.246973, 20.588974], [-103.24685, 20.588885], [-103.246665, 20.588824], [-103.246556, 20.588782], [-103.246483, 20.588739], [-103.246172, 20.588559], [-103.246119, 20.588528], [-103.245868, 20.588388], [-103.245419, 20.588181], [-103.24494, 20.587918], [-103.244288, 20.58762], [-103.244053, 20.587449], [-103.243887, 20.587368], [-103.243468, 20.587139], [-103.243076, 20.587], [-103.242495, 20.586739], [-103.242059, 20.58648], [-103.241552, 20.586178], [-103.240704, 20.585707], [-103.240517, 20.585605], [-103.240402, 20.585543], [-103.240288, 20.585464], [-103.240104, 20.585378], [-103.240505, 20.584551], [-103.240514, 20.584514], [-103.240528, 20.584461], [-103.240875, 20.583714], [-103.240417, 20.583591], [-103.240475, 20.583205], [-103.241911, 20.583152], [-103.249874, 20.585376], [-103.255874, 20.587059], [-103.255865, 20.587103], [-103.255215, 20.590301], [-103.255011, 20.591322], [-103.254997, 20.592086], [-103.254987, 20.592842], [-103.254986, 20.592998], [-103.254975, 20.592997]]]}}]}